#
# A fatal error has been detected by the Java Runtime Environment:
#
#  SIGSEGV (0xb) at pc=0x0000000124dcb5b8, pid=7056, tid=36611
#
# JRE version: OpenJDK Runtime Environment (26.0.1+8) (build 26.0.1+8-34)
# Java VM: OpenJDK 64-Bit Server VM (26.0.1+8-34, mixed mode, emulated-client, sharing, tiered, compressed oops, compressed class ptrs, g1 gc, bsd-aarch64)
# Problematic frame:
# C  [libonnxruntime.dylib+0xb6b5b8]  onnxruntime::logging::LoggingManager::Log(std::__1::basic_string<char, std::__1::char_traits<char>, std::__1::allocator<char>> const&, onnxruntime::logging::Capture const&) const+0x94
#
# No core dump will be written. Core dumps have been disabled. To enable core dumping, try "ulimit -c unlimited" before starting Java again
#
# If you would like to submit a bug report, please visit:
#   https://bugreport.java.com/bugreport/crash.jsp
# The crash happened outside the Java Virtual Machine in native code.
# See problematic frame for where to report the bug.
#

---------------  S U M M A R Y ------------

Command Line: -XX:TieredStopAtLevel=1 -Dspring.output.ansi.enabled=always -javaagent:/Users/chris/Applications/IntelliJ IDEA.app/Contents/lib/idea_rt.jar=50890 -Dfile.encoding=UTF-8 -Dsun.stdout.encoding=UTF-8 -Dsun.stderr.encoding=UTF-8 com.github.karydesc.ttsreader.TTSReaderApplication

Host: "MacBookPro18,3" arm64, 8 cores, 16G, Darwin 27.0.0, macOS 27.0 (26A5368g)
Time: Sat Jul  4 20:30:57 2026 EEST elapsed time: 391.750818 seconds (0d 0h 6m 31s)

---------------  T H R E A D  ---------------

Current thread (0x0000007a9f474800):  JavaThread "http-nio-8080-exec-4" daemon [_thread_in_native, id=36611, stack(0x0000000172264000,0x0000000172467000) (2060K)]

Stack: [0x0000000172264000,0x0000000172467000],  sp=0x00000001724634d0,  free space=2045k
Native frames: (J=compiled Java code, j=interpreted, Vv=VM code, C=native code)
C  [libonnxruntime.dylib+0xb6b5b8]  onnxruntime::logging::LoggingManager::Log(std::__1::basic_string<char, std::__1::char_traits<char>, std::__1::allocator<char>> const&, onnxruntime::logging::Capture const&) const+0x94
C  [libonnxruntime.dylib+0xb6ab44]  onnxruntime::logging::Capture::~Capture()+0x28
C  [libonnxruntime.dylib+0x53bcc]  onnxruntime::InferenceSession::Initialize()::$_17::operator()() const+0x174
C  [libonnxruntime.dylib+0x521d4]  onnxruntime::InferenceSession::Initialize()+0x3c20
C  [libonnxruntime.dylib+0xc7ce4]  InitializeSession(OrtSessionOptions const*, onnxruntime::InferenceSession&, OrtPrepackedWeightsContainer*)+0x7d4
C  [libonnxruntime.dylib+0x91904]  OrtApis::CreateSessionFromArray(OrtEnv const*, void const*, unsigned long, OrtSessionOptions const*, OrtSession**)+0x64
C  [libonnxruntime4j_jni.dylib+0x67c0]  Java_ai_onnxruntime_OrtSession_createSession__JJ_3BJ+0x94
j  ai.onnxruntime.OrtSession.createSession(JJ[BJ)J+0
j  ai.onnxruntime.OrtSession.<init>(Lai/onnxruntime/OrtEnvironment;[BLai/onnxruntime/OrtAllocator;Lai/onnxruntime/OrtSession$SessionOptions;)V+14
j  ai.onnxruntime.OrtEnvironment.createSession([BLai/onnxruntime/OrtAllocator;Lai/onnxruntime/OrtSession$SessionOptions;)Lai/onnxruntime/OrtSession;+15
j  ai.onnxruntime.OrtEnvironment.createSession([BLai/onnxruntime/OrtSession$SessionOptions;)Lai/onnxruntime/OrtSession;+7
j  org.pitest.voices.piper.PiperHandler.createSession(Lorg/pitest/voices/Model;Lai/onnxruntime/OrtEnvironment;Lai/onnxruntime/OrtSession$SessionOptions;Ljava/nio/file/Path;)Lorg/pitest/voices/VoiceSession;+10
j  org.pitest.voices.ClassPathModel.createSession(Lai/onnxruntime/OrtEnvironment;Lai/onnxruntime/OrtSession$SessionOptions;Ljava/nio/file/Path;)Lorg/pitest/voices/VoiceSession;+8
j  org.pitest.voices.Chorus.loadPiperModel(Lorg/pitest/voices/Model;)Lorg/pitest/voices/VoiceSession;+19
j  org.pitest.voices.Chorus.loadVoice(Lorg/pitest/voices/Model;)Lorg/pitest/voices/VoiceSession;+17
j  org.pitest.voices.Chorus.lambda$voice$0(Lorg/pitest/voices/Model;Ljava/lang/String;)Lorg/pitest/voices/VoiceSession;+2
j  org.pitest.voices.Chorus$$Lambda+0x000007ff01428450.apply(Ljava/lang/Object;)Ljava/lang/Object;+12
J 718 c1 java.util.concurrent.ConcurrentHashMap.computeIfAbsent(Ljava/lang/Object;Ljava/util/function/Function;)Ljava/lang/Object; java.base@26.0.1 (576 bytes) @ 0x000000011219795c [0x0000000112197640+0x000000000000031c]
j  org.pitest.voices.Chorus.voice(Lorg/pitest/voices/Model;)Lorg/pitest/voices/Voice;+17
j  com.github.karydesc.ttsreader.SpeechService.generate(Ljava/lang/String;)Lorg/pitest/voices/audio/Audio;+16
j  com.github.karydesc.ttsreader.TTSController.streamTtsAudio(Ljava/lang/String;)Lorg/springframework/http/ResponseEntity;+22
j  java.lang.invoke.LambdaForm$DMH+0x000007ff01139800.invokeVirtual(Ljava/lang/Object;Ljava/lang/Object;Ljava/lang/Object;)Ljava/lang/Object;+11 java.base@26.0.1
j  java.lang.invoke.LambdaForm$MH+0x000007ff0109cc00.invoke(Ljava/lang/Object;Ljava/lang/Object;Ljava/lang/Object;)Ljava/lang/Object;+52 java.base@26.0.1
J 13035 c1 jdk.internal.reflect.DirectMethodHandleAccessor.invoke(Ljava/lang/Object;[Ljava/lang/Object;)Ljava/lang/Object; java.base@26.0.1 (92 bytes) @ 0x00000001123f5324 [0x00000001123f4f40+0x00000000000003e4]
J 13373 c1 java.lang.reflect.Method.invoke(Ljava/lang/Object;[Ljava/lang/Object;)Ljava/lang/Object; java.base@26.0.1 (108 bytes) @ 0x0000000112500258 [0x0000000112500080+0x00000000000001d8]
j  org.springframework.web.method.support.InvocableHandlerMethod.doInvoke([Ljava/lang/Object;)Ljava/lang/Object;+55
j  org.springframework.web.method.support.InvocableHandlerMethod.invokeForRequest(Lorg/springframework/web/context/request/NativeWebRequest;Lorg/springframework/web/method/support/ModelAndViewContainer;[Ljava/lang/Object;)Ljava/lang/Object;+82
j  org.springframework.web.servlet.mvc.method.annotation.ServletInvocableHandlerMethod.invokeAndHandle(Lorg/springframework/web/context/request/ServletWebRequest;Lorg/springframework/web/method/support/ModelAndViewContainer;[Ljava/lang/Object;)V+4
j  org.springframework.web.servlet.mvc.method.annotation.RequestMappingHandlerAdapter.invokeHandlerMethod(Ljakarta/servlet/http/HttpServletRequest;Ljakarta/servlet/http/HttpServletResponse;Lorg/springframework/web/method/HandlerMethod;)Lorg/springframework/web/servlet/ModelAndView;+300
j  org.springframework.web.servlet.mvc.method.annotation.RequestMappingHandlerAdapter.handleInternal(Ljakarta/servlet/http/HttpServletRequest;Ljakarta/servlet/http/HttpServletResponse;Lorg/springframework/web/method/HandlerMethod;)Lorg/springframework/web/servlet/ModelAndView;+81
j  org.springframework.web.servlet.mvc.method.AbstractHandlerMethodAdapter.handle(Ljakarta/servlet/http/HttpServletRequest;Ljakarta/servlet/http/HttpServletResponse;Ljava/lang/Object;)Lorg/springframework/web/servlet/ModelAndView;+7
j  org.springframework.web.servlet.DispatcherServlet.doDispatch(Ljakarta/servlet/http/HttpServletRequest;Ljakarta/servlet/http/HttpServletResponse;)V+184
j  org.springframework.web.servlet.DispatcherServlet.doService(Ljakarta/servlet/http/HttpServletRequest;Ljakarta/servlet/http/HttpServletResponse;)V+216
j  org.springframework.web.servlet.FrameworkServlet.processRequest(Ljakarta/servlet/http/HttpServletRequest;Ljakarta/servlet/http/HttpServletResponse;)V+70
j  org.springframework.web.servlet.FrameworkServlet.doGet(Ljakarta/servlet/http/HttpServletRequest;Ljakarta/servlet/http/HttpServletResponse;)V+3
j  jakarta.servlet.http.HttpServlet.service(Ljakarta/servlet/http/HttpServletRequest;Ljakarta/servlet/http/HttpServletResponse;)V+287
j  org.springframework.web.servlet.FrameworkServlet.service(Ljakarta/servlet/http/HttpServletRequest;Ljakarta/servlet/http/HttpServletResponse;)V+20
j  jakarta.servlet.http.HttpServlet.service(Ljakarta/servlet/ServletRequest;Ljakarta/servlet/ServletResponse;)V+37
J 15030 c1 org.apache.catalina.core.ApplicationFilterChain.doFilter(Ljakarta/servlet/ServletRequest;Ljakarta/servlet/ServletResponse;)V (243 bytes) @ 0x0000000112382cb4 [0x0000000112382900+0x00000000000003b4]
j  org.apache.tomcat.websocket.server.WsFilter.doFilter(Ljakarta/servlet/ServletRequest;Ljakarta/servlet/ServletResponse;Ljakarta/servlet/FilterChain;)V+21
J 15030 c1 org.apache.catalina.core.ApplicationFilterChain.doFilter(Ljakarta/servlet/ServletRequest;Ljakarta/servlet/ServletResponse;)V (243 bytes) @ 0x0000000112382fb8 [0x0000000112382900+0x00000000000006b8]
j  org.springframework.web.filter.RequestContextFilter.doFilterInternal(Ljakarta/servlet/http/HttpServletRequest;Ljakarta/servlet/http/HttpServletResponse;Ljakarta/servlet/FilterChain;)V+21
J 16520 c1 org.springframework.web.filter.OncePerRequestFilter.doFilter(Ljakarta/servlet/ServletRequest;Ljakarta/servlet/ServletResponse;Ljakarta/servlet/FilterChain;)V (178 bytes) @ 0x00000001122c2518 [0x00000001122c1dc0+0x0000000000000758]
J 15030 c1 org.apache.catalina.core.ApplicationFilterChain.doFilter(Ljakarta/servlet/ServletRequest;Ljakarta/servlet/ServletResponse;)V (243 bytes) @ 0x0000000112382fb8 [0x0000000112382900+0x00000000000006b8]
j  org.springframework.web.filter.FormContentFilter.doFilterInternal(Ljakarta/servlet/http/HttpServletRequest;Ljakarta/servlet/http/HttpServletResponse;Ljakarta/servlet/FilterChain;)V+38
J 16520 c1 org.springframework.web.filter.OncePerRequestFilter.doFilter(Ljakarta/servlet/ServletRequest;Ljakarta/servlet/ServletResponse;Ljakarta/servlet/FilterChain;)V (178 bytes) @ 0x00000001122c2518 [0x00000001122c1dc0+0x0000000000000758]
J 15030 c1 org.apache.catalina.core.ApplicationFilterChain.doFilter(Ljakarta/servlet/ServletRequest;Ljakarta/servlet/ServletResponse;)V (243 bytes) @ 0x0000000112382fb8 [0x0000000112382900+0x00000000000006b8]
j  org.springframework.web.filter.CharacterEncodingFilter.doFilterInternal(Ljakarta/servlet/http/HttpServletRequest;Ljakarta/servlet/http/HttpServletResponse;Ljakarta/servlet/FilterChain;)V+53
J 16520 c1 org.springframework.web.filter.OncePerRequestFilter.doFilter(Ljakarta/servlet/ServletRequest;Ljakarta/servlet/ServletResponse;Ljakarta/servlet/FilterChain;)V (178 bytes) @ 0x00000001122c2518 [0x00000001122c1dc0+0x0000000000000758]
J 15030 c1 org.apache.catalina.core.ApplicationFilterChain.doFilter(Ljakarta/servlet/ServletRequest;Ljakarta/servlet/ServletResponse;)V (243 bytes) @ 0x0000000112382fb8 [0x0000000112382900+0x00000000000006b8]
j  org.apache.catalina.core.StandardWrapperValve.invoke(Lorg/apache/catalina/connector/Request;Lorg/apache/catalina/connector/Response;)V+510
j  org.apache.catalina.core.StandardContextValve.invoke(Lorg/apache/catalina/connector/Request;Lorg/apache/catalina/connector/Response;)V+124
j  org.apache.catalina.authenticator.AuthenticatorBase.invoke(Lorg/apache/catalina/connector/Request;Lorg/apache/catalina/connector/Response;)V+221
j  org.apache.catalina.core.StandardHostValve.invoke(Lorg/apache/catalina/connector/Request;Lorg/apache/catalina/connector/Response;)V+125
j  org.apache.catalina.valves.ErrorReportValve.invoke(Lorg/apache/catalina/connector/Request;Lorg/apache/catalina/connector/Response;)V+6
j  org.apache.catalina.core.StandardEngineValve.invoke(Lorg/apache/catalina/connector/Request;Lorg/apache/catalina/connector/Response;)V+59
j  org.apache.catalina.connector.CoyoteAdapter.service(Lorg/apache/coyote/Request;Lorg/apache/coyote/Response;)V+179
j  org.apache.coyote.http11.Http11Processor.service(Lorg/apache/tomcat/util/net/SocketWrapperBase;)Lorg/apache/tomcat/util/net/AbstractEndpoint$Handler$SocketState;+796
j  org.apache.coyote.AbstractProcessorLight.process(Lorg/apache/tomcat/util/net/SocketWrapperBase;Lorg/apache/tomcat/util/net/SocketEvent;)Lorg/apache/tomcat/util/net/AbstractEndpoint$Handler$SocketState;+155
j  org.apache.coyote.AbstractProtocol$ConnectionHandler.process(Lorg/apache/tomcat/util/net/SocketWrapperBase;Lorg/apache/tomcat/util/net/SocketEvent;)Lorg/apache/tomcat/util/net/AbstractEndpoint$Handler$SocketState;+477
j  org.apache.tomcat.util.net.NioEndpoint$SocketProcessor.doRun()V+222
j  org.apache.tomcat.util.net.SocketProcessorBase.run()V+32
j  org.apache.tomcat.util.threads.ThreadPoolExecutor.runWorker(Lorg/apache/tomcat/util/threads/ThreadPoolExecutor$Worker;)V+92
j  org.apache.tomcat.util.threads.ThreadPoolExecutor$Worker.run()V+5
j  org.apache.tomcat.util.threads.TaskThread$WrappingRunnable.run()V+4
j  java.lang.Thread.runWith(Ljava/lang/Object;Ljava/lang/Runnable;)V+5 java.base@26.0.1
j  java.lang.Thread.run()V+19 java.base@26.0.1
v  ~StubRoutines::Stub Generator call_stub_stub 0x0000000111f58454
V  [libjvm.dylib+0x511294]  JavaCalls::call_helper(JavaValue*, methodHandle const&, JavaCallArguments*, JavaThread*)+0x3d8
V  [libjvm.dylib+0x5101bc]  JavaCalls::call_virtual(JavaValue*, Klass*, Symbol*, Symbol*, JavaCallArguments*, JavaThread*)+0x164
V  [libjvm.dylib+0x510288]  JavaCalls::call_virtual(JavaValue*, Handle, Klass*, Symbol*, Symbol*, JavaThread*)+0x64
V  [libjvm.dylib+0x5f0e34]  thread_entry(JavaThread*, JavaThread*)+0x9c
V  [libjvm.dylib+0x5251c8]  JavaThread::thread_main_inner()+0xb4
V  [libjvm.dylib+0xa54df4]  Thread::call_run()+0xc8
V  [libjvm.dylib+0x8b3e54]  thread_native_entry(Thread*)+0x118
C  [libsystem_pthread.dylib+0x6cf4]  _pthread_start+0x88
Java frames: (J=compiled Java code, j=interpreted, Vv=VM code)
j  ai.onnxruntime.OrtSession.createSession(JJ[BJ)J+0
j  ai.onnxruntime.OrtSession.<init>(Lai/onnxruntime/OrtEnvironment;[BLai/onnxruntime/OrtAllocator;Lai/onnxruntime/OrtSession$SessionOptions;)V+14
j  ai.onnxruntime.OrtEnvironment.createSession([BLai/onnxruntime/OrtAllocator;Lai/onnxruntime/OrtSession$SessionOptions;)Lai/onnxruntime/OrtSession;+15
j  ai.onnxruntime.OrtEnvironment.createSession([BLai/onnxruntime/OrtSession$SessionOptions;)Lai/onnxruntime/OrtSession;+7
j  org.pitest.voices.piper.PiperHandler.createSession(Lorg/pitest/voices/Model;Lai/onnxruntime/OrtEnvironment;Lai/onnxruntime/OrtSession$SessionOptions;Ljava/nio/file/Path;)Lorg/pitest/voices/VoiceSession;+10
j  org.pitest.voices.ClassPathModel.createSession(Lai/onnxruntime/OrtEnvironment;Lai/onnxruntime/OrtSession$SessionOptions;Ljava/nio/file/Path;)Lorg/pitest/voices/VoiceSession;+8
j  org.pitest.voices.Chorus.loadPiperModel(Lorg/pitest/voices/Model;)Lorg/pitest/voices/VoiceSession;+19
j  org.pitest.voices.Chorus.loadVoice(Lorg/pitest/voices/Model;)Lorg/pitest/voices/VoiceSession;+17
j  org.pitest.voices.Chorus.lambda$voice$0(Lorg/pitest/voices/Model;Ljava/lang/String;)Lorg/pitest/voices/VoiceSession;+2
j  org.pitest.voices.Chorus$$Lambda+0x000007ff01428450.apply(Ljava/lang/Object;)Ljava/lang/Object;+12
J 718 c1 java.util.concurrent.ConcurrentHashMap.computeIfAbsent(Ljava/lang/Object;Ljava/util/function/Function;)Ljava/lang/Object; java.base@26.0.1 (576 bytes) @ 0x000000011219795c [0x0000000112197640+0x000000000000031c]
j  org.pitest.voices.Chorus.voice(Lorg/pitest/voices/Model;)Lorg/pitest/voices/Voice;+17
j  com.github.karydesc.ttsreader.SpeechService.generate(Ljava/lang/String;)Lorg/pitest/voices/audio/Audio;+16
j  com.github.karydesc.ttsreader.TTSController.streamTtsAudio(Ljava/lang/String;)Lorg/springframework/http/ResponseEntity;+22
j  java.lang.invoke.LambdaForm$DMH+0x000007ff01139800.invokeVirtual(Ljava/lang/Object;Ljava/lang/Object;Ljava/lang/Object;)Ljava/lang/Object;+11 java.base@26.0.1
j  java.lang.invoke.LambdaForm$MH+0x000007ff0109cc00.invoke(Ljava/lang/Object;Ljava/lang/Object;Ljava/lang/Object;)Ljava/lang/Object;+52 java.base@26.0.1
J 13035 c1 jdk.internal.reflect.DirectMethodHandleAccessor.invoke(Ljava/lang/Object;[Ljava/lang/Object;)Ljava/lang/Object; java.base@26.0.1 (92 bytes) @ 0x00000001123f5324 [0x00000001123f4f40+0x00000000000003e4]
J 13373 c1 java.lang.reflect.Method.invoke(Ljava/lang/Object;[Ljava/lang/Object;)Ljava/lang/Object; java.base@26.0.1 (108 bytes) @ 0x0000000112500258 [0x0000000112500080+0x00000000000001d8]
j  org.springframework.web.method.support.InvocableHandlerMethod.doInvoke([Ljava/lang/Object;)Ljava/lang/Object;+55
j  org.springframework.web.method.support.InvocableHandlerMethod.invokeForRequest(Lorg/springframework/web/context/request/NativeWebRequest;Lorg/springframework/web/method/support/ModelAndViewContainer;[Ljava/lang/Object;)Ljava/lang/Object;+82
j  org.springframework.web.servlet.mvc.method.annotation.ServletInvocableHandlerMethod.invokeAndHandle(Lorg/springframework/web/context/request/ServletWebRequest;Lorg/springframework/web/method/support/ModelAndViewContainer;[Ljava/lang/Object;)V+4
j  org.springframework.web.servlet.mvc.method.annotation.RequestMappingHandlerAdapter.invokeHandlerMethod(Ljakarta/servlet/http/HttpServletRequest;Ljakarta/servlet/http/HttpServletResponse;Lorg/springframework/web/method/HandlerMethod;)Lorg/springframework/web/servlet/ModelAndView;+300
j  org.springframework.web.servlet.mvc.method.annotation.RequestMappingHandlerAdapter.handleInternal(Ljakarta/servlet/http/HttpServletRequest;Ljakarta/servlet/http/HttpServletResponse;Lorg/springframework/web/method/HandlerMethod;)Lorg/springframework/web/servlet/ModelAndView;+81
j  org.springframework.web.servlet.mvc.method.AbstractHandlerMethodAdapter.handle(Ljakarta/servlet/http/HttpServletRequest;Ljakarta/servlet/http/HttpServletResponse;Ljava/lang/Object;)Lorg/springframework/web/servlet/ModelAndView;+7
j  org.springframework.web.servlet.DispatcherServlet.doDispatch(Ljakarta/servlet/http/HttpServletRequest;Ljakarta/servlet/http/HttpServletResponse;)V+184
j  org.springframework.web.servlet.DispatcherServlet.doService(Ljakarta/servlet/http/HttpServletRequest;Ljakarta/servlet/http/HttpServletResponse;)V+216
j  org.springframework.web.servlet.FrameworkServlet.processRequest(Ljakarta/servlet/http/HttpServletRequest;Ljakarta/servlet/http/HttpServletResponse;)V+70
j  org.springframework.web.servlet.FrameworkServlet.doGet(Ljakarta/servlet/http/HttpServletRequest;Ljakarta/servlet/http/HttpServletResponse;)V+3
j  jakarta.servlet.http.HttpServlet.service(Ljakarta/servlet/http/HttpServletRequest;Ljakarta/servlet/http/HttpServletResponse;)V+287
j  org.springframework.web.servlet.FrameworkServlet.service(Ljakarta/servlet/http/HttpServletRequest;Ljakarta/servlet/http/HttpServletResponse;)V+20
j  jakarta.servlet.http.HttpServlet.service(Ljakarta/servlet/ServletRequest;Ljakarta/servlet/ServletResponse;)V+37
J 15030 c1 org.apache.catalina.core.ApplicationFilterChain.doFilter(Ljakarta/servlet/ServletRequest;Ljakarta/servlet/ServletResponse;)V (243 bytes) @ 0x0000000112382cb4 [0x0000000112382900+0x00000000000003b4]
j  org.apache.tomcat.websocket.server.WsFilter.doFilter(Ljakarta/servlet/ServletRequest;Ljakarta/servlet/ServletResponse;Ljakarta/servlet/FilterChain;)V+21
J 15030 c1 org.apache.catalina.core.ApplicationFilterChain.doFilter(Ljakarta/servlet/ServletRequest;Ljakarta/servlet/ServletResponse;)V (243 bytes) @ 0x0000000112382fb8 [0x0000000112382900+0x00000000000006b8]
j  org.springframework.web.filter.RequestContextFilter.doFilterInternal(Ljakarta/servlet/http/HttpServletRequest;Ljakarta/servlet/http/HttpServletResponse;Ljakarta/servlet/FilterChain;)V+21
J 16520 c1 org.springframework.web.filter.OncePerRequestFilter.doFilter(Ljakarta/servlet/ServletRequest;Ljakarta/servlet/ServletResponse;Ljakarta/servlet/FilterChain;)V (178 bytes) @ 0x00000001122c2518 [0x00000001122c1dc0+0x0000000000000758]
J 15030 c1 org.apache.catalina.core.ApplicationFilterChain.doFilter(Ljakarta/servlet/ServletRequest;Ljakarta/servlet/ServletResponse;)V (243 bytes) @ 0x0000000112382fb8 [0x0000000112382900+0x00000000000006b8]
j  org.springframework.web.filter.FormContentFilter.doFilterInternal(Ljakarta/servlet/http/HttpServletRequest;Ljakarta/servlet/http/HttpServletResponse;Ljakarta/servlet/FilterChain;)V+38
J 16520 c1 org.springframework.web.filter.OncePerRequestFilter.doFilter(Ljakarta/servlet/ServletRequest;Ljakarta/servlet/ServletResponse;Ljakarta/servlet/FilterChain;)V (178 bytes) @ 0x00000001122c2518 [0x00000001122c1dc0+0x0000000000000758]
J 15030 c1 org.apache.catalina.core.ApplicationFilterChain.doFilter(Ljakarta/servlet/ServletRequest;Ljakarta/servlet/ServletResponse;)V (243 bytes) @ 0x0000000112382fb8 [0x0000000112382900+0x00000000000006b8]
j  org.springframework.web.filter.CharacterEncodingFilter.doFilterInternal(Ljakarta/servlet/http/HttpServletRequest;Ljakarta/servlet/http/HttpServletResponse;Ljakarta/servlet/FilterChain;)V+53
J 16520 c1 org.springframework.web.filter.OncePerRequestFilter.doFilter(Ljakarta/servlet/ServletRequest;Ljakarta/servlet/ServletResponse;Ljakarta/servlet/FilterChain;)V (178 bytes) @ 0x00000001122c2518 [0x00000001122c1dc0+0x0000000000000758]
J 15030 c1 org.apache.catalina.core.ApplicationFilterChain.doFilter(Ljakarta/servlet/ServletRequest;Ljakarta/servlet/ServletResponse;)V (243 bytes) @ 0x0000000112382fb8 [0x0000000112382900+0x00000000000006b8]
j  org.apache.catalina.core.StandardWrapperValve.invoke(Lorg/apache/catalina/connector/Request;Lorg/apache/catalina/connector/Response;)V+510
j  org.apache.catalina.core.StandardContextValve.invoke(Lorg/apache/catalina/connector/Request;Lorg/apache/catalina/connector/Response;)V+124
j  org.apache.catalina.authenticator.AuthenticatorBase.invoke(Lorg/apache/catalina/connector/Request;Lorg/apache/catalina/connector/Response;)V+221
j  org.apache.catalina.core.StandardHostValve.invoke(Lorg/apache/catalina/connector/Request;Lorg/apache/catalina/connector/Response;)V+125
j  org.apache.catalina.valves.ErrorReportValve.invoke(Lorg/apache/catalina/connector/Request;Lorg/apache/catalina/connector/Response;)V+6
j  org.apache.catalina.core.StandardEngineValve.invoke(Lorg/apache/catalina/connector/Request;Lorg/apache/catalina/connector/Response;)V+59
j  org.apache.catalina.connector.CoyoteAdapter.service(Lorg/apache/coyote/Request;Lorg/apache/coyote/Response;)V+179
j  org.apache.coyote.http11.Http11Processor.service(Lorg/apache/tomcat/util/net/SocketWrapperBase;)Lorg/apache/tomcat/util/net/AbstractEndpoint$Handler$SocketState;+796
j  org.apache.coyote.AbstractProcessorLight.process(Lorg/apache/tomcat/util/net/SocketWrapperBase;Lorg/apache/tomcat/util/net/SocketEvent;)Lorg/apache/tomcat/util/net/AbstractEndpoint$Handler$SocketState;+155
j  org.apache.coyote.AbstractProtocol$ConnectionHandler.process(Lorg/apache/tomcat/util/net/SocketWrapperBase;Lorg/apache/tomcat/util/net/SocketEvent;)Lorg/apache/tomcat/util/net/AbstractEndpoint$Handler$SocketState;+477
j  org.apache.tomcat.util.net.NioEndpoint$SocketProcessor.doRun()V+222
j  org.apache.tomcat.util.net.SocketProcessorBase.run()V+32
j  org.apache.tomcat.util.threads.ThreadPoolExecutor.runWorker(Lorg/apache/tomcat/util/threads/ThreadPoolExecutor$Worker;)V+92
j  org.apache.tomcat.util.threads.ThreadPoolExecutor$Worker.run()V+5
j  org.apache.tomcat.util.threads.TaskThread$WrappingRunnable.run()V+4
j  java.lang.Thread.runWith(Ljava/lang/Object;Ljava/lang/Runnable;)V+5 java.base@26.0.1
j  java.lang.Thread.run()V+19 java.base@26.0.1
v  ~StubRoutines::Stub Generator call_stub_stub 0x0000000111f58454

siginfo: si_signo: 11 (SIGSEGV), si_code: 2 (SEGV_ACCERR), si_addr: 0xb20d111f0832e684

Registers:
 x0=0x000011828cb45562  x1=0x00000001724634b0  x2=0x0000080100000880  x3=0x0000000000000700
 x4=0x0000080100000880  x5=0x0000000000000700  x6=0x00000801000008c0  x7=0x0000000000000800
 x8=0x000655ceeb267b2f  x9=0x000655ceeb267b2f x10=0x0000000df8475800 x11=0x00000000000003e8
x12=0x0000000000000000 x13=0x0000000000000000 x14=0x0000000000000880 x15=0x8f5c28f5c28f5c29
x16=0x0000000198a26010 x17=0x00000002002bf4d8 x18=0x0000000000000000 x19=0x00000001724635b0
x20=0x0000007a9fed8038 x21=0xb20d111f0832e684 x22=0x0000000125758000 x23=0x000000012575e040
x24=0x0000007aa6466360 x25=0x000000012553a058 x26=0x0000007aa09ec068 x27=0x0000000172463870
x28=0x0000007aa09ec428  fp=0x0000000172463510  lr=0x0000000124dcb570  sp=0x00000001724634d0
pc=0x0000000124dcb5b8 cpsr=0x0000000060001000

Register to memory mapping:

x0 =0x000011828cb45562 is an unknown value
x1 =0x00000001724634b0 is pointing into the stack for thread: 0x0000007a9f474800
x2 =0x0000080100000880 is an unknown value
x3 =0x0000000000000700 is an unknown value
x4 =0x0000080100000880 is an unknown value
x5 =0x0000000000000700 is an unknown value
x6 =0x00000801000008c0 is an unknown value
x7 =0x0000000000000800 is an unknown value
x8 =0x000655ceeb267b2f is an unknown value
x9 =0x000655ceeb267b2f is an unknown value
x10=0x0000000df8475800 is an unknown value
x11=0x00000000000003e8 is an unknown value
x12=0x0 is null
x13=0x0 is null
x14=0x0000000000000880 is an unknown value
x15=0x8f5c28f5c28f5c29 is an unknown value
x16=0x0000000198a26010: mach_continuous_time+0 in /usr/lib/system/libsystem_kernel.dylib at 0x0000000198a25000
x17=0x00000002002bf4d8 points into unknown readable memory: 0x0000000198a26010 | 10 60 a2 98 01 00 00 00
x18=0x0 is null
x19=0x00000001724635b0 is pointing into the stack for thread: 0x0000007a9f474800
x20=0x0000007a9fed8038 points into unknown readable memory: 0x0000000000000000 | 00 00 00 00 00 00 00 00
x21=0xb20d111f0832e684 is an unknown value
x22=0x0000000125758000: _ZN6CoreML13Specification29_PolyKernel_default_instance_E+0x18 in /private/var/folders/_q/hbccdl_96tnfqghg2lzzrw4c0000gn/T/onnxruntime-java18330452673258574370/libonnxruntime.dylib at 0x0000000124260000
x23=0x000000012575e040: _MergedGlobals+0 in /private/var/folders/_q/hbccdl_96tnfqghg2lzzrw4c0000gn/T/onnxruntime-java18330452673258574370/libonnxruntime.dylib at 0x0000000124260000
x24=0x0000007aa6466360 points into unknown readable memory: 0x434c4e47432b2b00 | 00 2b 2b 43 47 4e 4c 43
x25=0x000000012553a058: _ZTSN6google8protobuf10TextFormat7Printer13TextGeneratorE+0x3136 in /private/var/folders/_q/hbccdl_96tnfqghg2lzzrw4c0000gn/T/onnxruntime-java18330452673258574370/libonnxruntime.dylib at 0x0000000124260000
x26=0x0000007aa09ec068 points into unknown readable memory: 0x0000007aa51165c0 | c0 65 11 a5 7a 00 00 00
x27=0x0000000172463870 is pointing into the stack for thread: 0x0000007a9f474800
x28=0x0000007aa09ec428 points into unknown readable memory: 0x0000000032aaaba7 | a7 ab aa 32 00 00 00 00
 fp=0x0000000172463510 is pointing into the stack for thread: 0x0000007a9f474800
 lr=0x0000000124dcb570: _ZNK11onnxruntime7logging14LoggingManager3LogERKNSt3__112basic_stringIcNS2_11char_traitsIcEENS2_9allocatorIcEEEERKNS0_7CaptureE+0x4c in /private/var/folders/_q/hbccdl_96tnfqghg2lzzrw4c0000gn/T/onnxruntime-java18330452673258574370/libonnxruntime.dylib at 0x0000000124260000
 sp=0x00000001724634d0 is pointing into the stack for thread: 0x0000007a9f474800

Top of Stack: (sp=0x00000001724634d0)
0x00000001724634d0:   000655ceeb267b2f 1e00ffd8c84800e0   /{&..U....H.....
0x00000001724634e0:   0000007aa6466360 0000000000000002   `cF.z...........
0x00000001724634f0:   00000001724635b0 00000001255e71ce   .5Fr.....q^%....
0x0000000172463500:   0000000172463620 00000001724635b0    6Fr.....5Fr....
0x0000000172463510:   0000000172463540 0000000124dcab44   @5Fr....D..$....
0x0000000172463520:   00000001724635b0 00000001255e71ce   .5Fr.....q^%....
0x0000000172463530:   0000000172463620 00000001724638c0    6Fr.....8Fr....
0x0000000172463540:   0000000172463760 00000001242b3bcc   `7Fr.....;+$....
0x0000000172463550:   0000007aa3721c70 0000000000000044   p.r.z...D.......
0x0000000172463560:   8000000000000050 00000001000008e8   P...............
0x0000000172463570:   726f74617265706f 0000000172002928   operator().r....
0x0000000172463580:   0a00007aa098dd28 0000000000000000   (...z...........
0x0000000172463590:   0000000000000000 0000000000000000   ................
0x00000001724635a0:   0000007aa6490000 0000000000000000   ..I.z...........
0x00000001724635b0:   0000007a9fed8030 0000000000000003   0...z...........
0x00000001724635c0:   00000001255e71ce 0000000000000000   .q^%............
0x00000001724635d0:   0000007aa3721e00 0000000000000044   ..r.z...D.......
0x00000001724635e0:   8000000000000050 00000000000008e8   P...............
0x00000001724635f0:   726f74617265706f 0000000172002928   operator().r....
0x0000000172463600:   0a00007aa098dd28 0000000000000000   (...z...........
0x0000000172463610:   0000000000000000 0000000000000000   ................
0x0000000172463620:   0000000200301d70 0000000200301850   p.0.....P.0.....
0x0000000172463630:   00000001fe681f80 0000000000000000   ..h.............
0x0000000172463640:   0000000000000000 0000000000000000   ................
0x0000000172463650:   00000071e4c28000 00000071e4c280f4   ....q.......q...
0x0000000172463660:   00000071e4c2817f 00000071e4c28000   ....q.......q...
0x0000000172463670:   000000000000017f 8000000000000180   ................
0x0000000172463680:   00000071e4c280c0 0000007a00000010   ....q.......z...
0x0000000172463690:   0000000200301d98 0000000000001002   ..0.............
0x00000001724636a0:   0000000000000006 0000000000000000   ................
0x00000001724636b0:   0000000000000000 0000000172463628   ........(6Fr....
0x00000001724636c0:   00000001fe681f80 0000000000000000   ..h.............

Instructions: (pc=0x0000000124dcb5b8)
  0x0000000124dcb4b8:   29 01 40 f9 3f 01 08 eb 41 01 00 54 e0 03 15 aa
  0x0000000124dcb4c8:   fd 7b 47 a9 f4 4f 46 a9 f6 57 45 a9 f8 5f 44 a9
  0x0000000124dcb4d8:   fa 67 43 a9 fc 6f 42 a9 ff 03 02 91 12 f8 17 14
  0x0000000124dcb4e8:   59 f8 17 94 e0 03 00 91 65 69 d2 97 02 00 00 14
  0x0000000124dcb4f8:   63 69 d2 97 20 00 20 d4 f4 03 00 aa e0 03 15 aa
  0x0000000124dcb508:   09 f8 17 94 02 00 00 14 f4 03 00 aa e0 03 13 aa
  0x0000000124dcb518:   05 f8 17 94 e0 03 14 aa 23 f6 17 94 ff 43 01 d1
  0x0000000124dcb528:   f8 5f 01 a9 f6 57 02 a9 f4 4f 03 a9 fd 7b 04 a9
  0x0000000124dcb538:   fd 03 01 91 f3 03 02 aa f4 03 01 aa e8 47 00 b0
  0x0000000124dcb548:   08 41 44 f9 08 01 40 f9 e8 07 00 f9 15 00 40 f9
  0x0000000124dcb558:   68 4c 00 b0 08 e1 32 91 08 c1 bf 38 76 4c 00 b0
  0x0000000124dcb568:   e8 04 00 36 6f f7 17 94 c8 5a 46 f9 09 29 40 a9
  0x0000000124dcb578:   09 00 09 cb 0b 7d 80 52 49 25 0b 9b 08 09 40 f9
  0x0000000124dcb588:   0a 00 8b d2 ea 08 bf f2 aa 01 c0 f2 08 25 0a 9b
  0x0000000124dcb598:   e9 f9 9e d2 69 6a bc f2 a9 74 d3 f2 89 18 e4 f2
  0x0000000124dcb5a8:   08 7d 49 9b 09 fd 47 93 28 fd 48 8b e8 03 00 f9
=>0x0000000124dcb5b8:   a8 02 40 f9 08 0d 40 f9 e1 03 00 91 e0 03 15 aa
  0x0000000124dcb5c8:   e2 03 14 aa e3 03 13 aa 00 01 3f d6 e8 07 40 f9
  0x0000000124dcb5d8:   e9 47 00 b0 29 41 44 f9 29 01 40 f9 3f 01 08 eb
  0x0000000124dcb5e8:   c1 02 00 54 fd 7b 44 a9 f4 4f 43 a9 f6 57 42 a9
  0x0000000124dcb5f8:   f8 5f 41 a9 ff 43 01 91 c0 03 5f d6 60 4c 00 b0
  0x0000000124dcb608:   00 e0 32 91 f2 f7 17 94 e0 fa ff 34 88 4c 00 f0
  0x0000000124dcb618:   08 01 01 91 08 c1 bf 38 28 01 00 36 88 4c 00 f0
  0x0000000124dcb628:   08 61 01 91 c8 5a 06 f9 60 4c 00 b0 00 e0 32 91
  0x0000000124dcb638:   ea f7 17 94 cc ff ff 17 03 f8 17 94 97 4c 00 f0
  0x0000000124dcb648:   f7 02 01 91 e0 03 17 aa e1 f7 17 94 80 fe ff 34
  0x0000000124dcb658:   34 f7 17 94 e0 0e 00 f9 38 f7 17 94 e0 12 00 f9
  0x0000000124dcb668:   36 f7 17 94 e0 03 00 f9 e0 03 00 91 75 fd ff 97
  0x0000000124dcb678:   e0 16 00 f9 e0 03 17 aa d8 f7 17 94 e8 ff ff 17
  0x0000000124dcb688:   00 00 40 f9 08 00 40 f9 02 01 40 f9 40 00 1f d6
  0x0000000124dcb698:   ff 83 00 d1 fd 7b 01 a9 fd 43 00 91 e8 47 00 b0
  0x0000000124dcb6a8:   08 41 44 f9 08 01 40 f9 e8 07 00 f9 e1 03 00 91


Stack slot to memory mapping:

stack at sp + 0 slots: 0x000655ceeb267b2f is an unknown value
stack at sp + 1 slots: 0x1e00ffd8c84800e0 is an unknown value
stack at sp + 2 slots: 0x0000007aa6466360 points into unknown readable memory: 0x434c4e47432b2b00 | 00 2b 2b 43 47 4e 4c 43
stack at sp + 3 slots: 0x0000000000000002 is an unknown value
stack at sp + 4 slots: 0x00000001724635b0 is pointing into the stack for thread: 0x0000007a9f474800
stack at sp + 5 slots: 0x00000001255e71ce: _ZN11onnxruntime6webgpuL7EluImplE+0x93fe9 in /private/var/folders/_q/hbccdl_96tnfqghg2lzzrw4c0000gn/T/onnxruntime-java18330452673258574370/libonnxruntime.dylib at 0x0000000124260000
stack at sp + 6 slots: 0x0000000172463620 is pointing into the stack for thread: 0x0000007a9f474800
stack at sp + 7 slots: 0x00000001724635b0 is pointing into the stack for thread: 0x0000007a9f474800

Lock stack of current Java thread (top to bottom):
LockStack[0]: java.util.concurrent.ConcurrentHashMap$ReservationNode 
{0x0000007007554570} - klass: 'java/util/concurrent/ConcurrentHashMap$ReservationNode' - flags: 

 - ---- fields (total size 4 words):
 - final 'hash' 'I' @12  -3 (0xfffffffd)
 - final 'key' 'Ljava/lang/Object;' @16  null (0x00000000)
 - volatile 'val' 'Ljava/lang/Object;' @20  null (0x00000000)
 - volatile 'next' 'Ljava/util/concurrent/ConcurrentHashMap$Node;' @24  null (0x00000000)


Compiled method (c1) 391768  718   !   1       java.util.concurrent.ConcurrentHashMap::computeIfAbsent (576 bytes)
 total in heap  [0x0000000112197548,0x0000000112198918] = 5072
 main code      [0x0000000112197640,0x00000001121987c8] = 4488
 stub code      [0x00000001121987c8,0x0000000112198910] = 328
 oops           [0x0000000112198910,0x0000000112198918] = 8
 mutable data [0x0000007aa1980900,0x0000007aa1980ba8] = 680
 relocation     [0x0000007aa1980900,0x0000007aa1980aa8] = 424
 metadata       [0x0000007aa1980aa8,0x0000007aa1980ba8] = 256
 immutable data [0x0000007aa10bcc00,0x0000007aa10bd744] = 2884
 dependencies   [0x0000007aa10bcc00,0x0000007aa10bcc20] = 32
 nul chk table  [0x0000007aa10bcc20,0x0000007aa10bcc50] = 48
 handler table  [0x0000007aa10bcc50,0x0000007aa10bcec0] = 624
 scopes pcs     [0x0000007aa10bcec0,0x0000007aa10bd180] = 704
 scopes data    [0x0000007aa10bd180,0x0000007aa10bd740] = 1472

[Constant Pool (empty)]


Loading hsdis library failed, undisassembled code is shown in MachCode section
[MachCode]
[Instructions begin]
  0x0000000112197640: 1f20 03d5 | 1f20 03d5 | 1f20 03d5 | 1f20 03d5 | 1f20 03d5 | 1f20 03d5 | 1f20 03d5 | 1f20 03d5 
  0x0000000112197660: 1f20 03d5 | 1f20 03d5 | 1f20 03d5 
[Entry Point]
  # {method} {0x000007ff001ca5e0} 'computeIfAbsent' '(Ljava/lang/Object;Ljava/util/function/Function;)Ljava/lang/Object;' in 'java/util/concurrent/ConcurrentHashMap'
  # this:     c_rarg1:c_rarg1 
                        = 'java/util/concurrent/ConcurrentHashMap'
  # parm0:    c_rarg2:c_rarg2 
                        = 'java/lang/Object'
  # parm1:    c_rarg3:c_rarg3 
                        = 'java/util/function/Function'
  #           [sp+0x150]  (sp of caller)
  0x000000011219766c: 2808 40b9 | 2a09 40b9 | 1f01 0a6b | 4000 0054 

  0x000000011219767c: ;   {runtime_call Shared Runtime ic_miss_blob}
  0x000000011219767c: 21f0 f717 
[Verified Entry Point]
  0x0000000112197680: 1f20 03d5 | e953 40d1 | 3f01 00f9 | ff43 05d1 | fd7b 14a9 | 2801 0018 | 8923 40b9 | 1f01 09eb 
  0x00000001121976a0: e000 0054 

  0x00000001121976a4: ;   {runtime_call Stub::Stub Generator method_entry_barrier_stub}
  0x00000001121976a4: 08d8 85d2 | e83e a2f2 | 2800 c0f2 | 0001 3fd6 | 0200 0014 | 2200 0000 | fd03 01aa | fd63 00f9 
  0x00000001121976c4: e20f 0aa9 | e103 1faa | 5f00 01eb | 2069 0054 | e103 1faa | 7f00 01eb | c068 0054 | e103 02aa 
  0x00000001121976e4: 09b8 8ed2 | c932 b4f2 | 490f c0f2 

  0x00000001121976f0: ; ImmutableOopMap {rfp=Oop [160]=Oop [168]=Oop [192]=Oop }
                      ;*invokevirtual hashCode {reexecute=0 rethrow=0 return_oop=0}
                      ; - java.util.concurrent.ConcurrentHashMap::computeIfAbsent@17 (line 1721)
                      ;   {virtual_call}
  0x00000001121976f0: 881e fb97 

  0x00000001121976f4: ;   {post_call_nop}
  0x00000001121976f4: 1f20 03d5 | 9f35 80f2 | 1f00 80f2 | 017c 1053 | 0100 014a | 2078 0012 | e0e3 00b9 | a117 40b9 
  0x0000000112197714: 4100 00b4 | 610f 018b | bf39 03d5 | 0200 a052 | e303 1faa | e2b3 00b9 | e35f 00f9 | e603 1faa 
  0x0000000112197734: 3f00 06eb | 8000 0054 

  0x000000011219773c: ; implicit exception: dispatches to 0x00000001121985a4
  0x000000011219773c: 260c 40b9 | df00 0071 | 4101 0054 | e103 1daa | fd03 00aa 

  0x0000000112197750: ; ImmutableOopMap {[160]=Oop [168]=Oop [184]=Oop [192]=Oop }
                      ;*invokevirtual initTable {reexecute=0 rethrow=0 return_oop=0}
                      ; - java.util.concurrent.ConcurrentHashMap::computeIfAbsent@51 (line 1727)
                      ;   {optimized virtual_call}
  0x0000000112197750: eca6 0f94 

  0x0000000112197754: ;   {post_call_nop}
  0x0000000112197754: 1f20 03d5 | 9f41 80f2 | 1f20 80f2 | e2b3 40b9 | e35f 40f9 | 9d02 0014 | fd03 00aa | c304 0051 
  0x0000000112197774: 6500 1d0a | a37c 4093 | 63f4 7ed3 | 6640 0091 | e66b 00f9 | 2368 66b8 | 4300 00b4 | 630f 038b 
  0x0000000112197794: bf39 03d5 | e003 01aa | e407 7eb2 | df00 04eb | 8101 0054 | e803 1faa | 1f00 08eb | 2001 0054 
  0x00000001121977b4: 0008 40b9 | 0028 60d2 | 00c4 8439 | 1f00 0071 | 8000 0054 | 8023 4139 | 1f00 0071 | c16e 0054 
  0x00000001121977d4: 4301 00b4 

  0x00000001121977d8: ;   {metadata('java/util/concurrent/ConcurrentHashMap$Node')}
  0x00000001121977d8: 045d 96d2 | 4405 a0f2 | e4ff c0f2 | 6a08 40b9 | 4a29 60d2 | 481d 40f9 | 9f00 08eb | 216e 0054 
  0x00000001121977f8: 0100 0014 | e003 03aa | e077 00f9 | e303 1faa | 1f00 03eb | a118 0054 

  0x0000000112197810: ;   {metadata('java/util/concurrent/ConcurrentHashMap$ReservationNode')}
  0x0000000112197810: 03de 97d2 | 4305 a0f2 | e3ff c0f2 | 80db 40f9 | 0b80 0091 | 88e3 40f9 | 7f01 08eb | a86c 0054 
  0x0000000112197830: 8bdb 00f9 | ea03 40b2 | 0a00 00f9 | 6a28 60d2 | 0a7c 0129 | 0a40 0091 | 5f7d 00a9 | bf3a 03d5 
  0x0000000112197850: e27b 1e32 | 020c 00b9 | bf3a 03d5 | e283 0491 | e303 00aa | 4304 00f9 | 6400 40f9 | 801b 47b9 
  0x0000000112197870: 1fa0 1d71 | aa6a 0054 | 0920 0051 | 896b 69f8 | 7f00 09eb | 2001 0054 | 9f00 7ff2 | e169 0054 
  0x0000000112197890: 8400 40b2 | 8900 40d2 | e803 04aa | 697c e8c8 | 1f01 04eb | 2169 0054 | 836b 20f8 | 0020 0011 
  0x00000001121978b0: 801b 07b9 | 2260 268b | 8023 4139 | 1f00 0071 | a168 0054 | e003 1faa | 0700 1beb | e720 9f9a 
  0x00000001121978d0: e7fc 43d3 | 6900 1beb | 2921 9f9a | 29fd 43d3 | e803 07aa | 49fc e888 | 1f01 076b | e807 9f9a 
  0x00000001121978f0: bf3b 03d5 | 0401 0052 | 4000 03ca | 00fc 55d3 | e000 00b4 | c300 00b4 | 40fc 49d3 | 872b 40f9 
  0x0000000112197910: 0868 6738 | 4800 0036 | 1f68 2738 | 8200 0012 | 5f00 0071 | c100 0054 | e2b3 40b9 | e35f 40f9 
  0x0000000112197930: e403 01aa | e553 40f9 | 6000 0014 | e36f 00f9 | e5b7 00b9 | e167 00f9 | e207 4aa9 | 09bd 8ed2 
  0x0000000112197950: c932 b4f2 | 490f c0f2 

  0x0000000112197958: ; ImmutableOopMap {[160]=Oop [168]=Oop [192]=Oop [200]=Oop [216]=Oop [296]=Oop }
                      ;*invokeinterface apply {reexecute=0 rethrow=0 return_oop=0}
                      ; - java.util.concurrent.ConcurrentHashMap::computeIfAbsent@115 (line 1735)
                      ;   {virtual_call}
  0x0000000112197958: 0c1e fb97 

  0x000000011219795c: ;   {post_call_nop}
  0x000000011219795c: 1f20 03d5 | 9f82 80f2 | 1f40 80f2 | e203 00aa | e303 1faa | 5f00 03eb | a100 0054 | e103 1faa 
  0x000000011219797c: e49b 4ca9 | e553 40f9 | 3800 0014 | e553 40f9 

  0x000000011219798c: ;   {metadata('java/util/concurrent/ConcurrentHashMap$Node')}
  0x000000011219798c: 035d 96d2 | 4305 a0f2 | e3ff c0f2 | 80db 40f9 | 0b80 0091 | 88e3 40f9 | 7f01 08eb | 4862 0054 
  0x00000001121979ac: 8bdb 00f9 | ea03 40b2 | 0a00 00f9 | 6a28 60d2 | 0a7c 0129 | 0a40 0091 | 5f7d 00a9 | bf3a 03d5 
  0x00000001121979cc: 1d0c 00b9 | 8323 4139 | 7f00 0071 | 0161 0054 | a800 1beb | 0821 9f9a | 08fd 43d3 | 0810 00b9 
  0x00000001121979ec: 0300 05ca | 63fc 55d3 | e300 00b4 | c500 00b4 | 03fc 49d3 | 812b 40f9 | 6868 6138 | 4800 0036 
  0x0000000112197a0c: 7f68 2138 | 8323 4139 | 7f00 0071 | e15f 0054 | bf3b 03d5 | 4800 1beb | 0821 9f9a | 08fd 43d3 
  0x0000000112197a2c: 0814 00b9 | bf3b 03d5 | 0300 02ca | 63fc 55d3 | e300 00b4 | c200 00b4 | 03fc 49d3 | 812b 40f9 
  0x0000000112197a4c: 6868 6138 | 4800 0036 | 7f68 2138 | bf3a 03d5 | e103 00aa | e49b 4ca9 | 8060 268b | 8323 4139 
  0x0000000112197a6c: 7f00 0071 | 015e 0054 | bf3b 03d5 | 2800 1beb | 0821 9f9a | 08fd 43d3 | 0800 00b9 | bf3b 03d5 
  0x0000000112197a8c: 0300 01ca | 63fc 55d3 | e300 00b4 | c100 00b4 | 03fc 49d3 | 862b 40f9 | 6868 6638 | 4800 0036 
  0x0000000112197aac: 7f68 2638 | e303 02aa | e203 0032 | e083 0491 | 0604 40f9 | 811b 47b9 | 2120 0051 | 896b 61f8 
  0x0000000112197acc: df00 09eb | e15b 0054 | 811b 07b9 | 2920 0051 | 896b 69f8 | df00 09eb | 6001 0054 | c700 40f9 
  0x0000000112197aec: c700 0837 | e900 40b2 | e803 07aa | c9fc a8c8 | 1f01 07eb | 8000 0054 | 2120 0011 | 811b 07b9 
  0x0000000112197b0c: d002 0014 | 5f00 0071 | e139 0054 | e003 04aa | b001 0014 | e5b7 00b9 | e403 01aa | e553 40f9 
  0x0000000112197b2c: ; implicit exception: dispatches to 0x000000011219865c
  0x0000000112197b2c: 030c 40b9 | 7f04 0031 | 6101 0054 | e203 04aa | e303 00aa | e163 40f9 

  0x0000000112197b44: ; ImmutableOopMap {[160]=Oop [168]=Oop [184]=Oop [192]=Oop }
                      ;*invokevirtual helpTransfer {reexecute=0 rethrow=0 return_oop=0}
                      ; - java.util.concurrent.ConcurrentHashMap::computeIfAbsent@207 (line 1746)
                      ;   {optimized virtual_call}
  0x0000000112197b44: 6fef f797 

  0x0000000112197b48: ;   {post_call_nop}
  0x0000000112197b48: 1f20 03d5 | 1fc0 80f2 | 1f60 80f2 | e2b3 40b9 | e35f 40f9 | a001 0014 | 7f00 1d6b | a000 0054 
  0x0000000112197b68: e3e7 00b9 | e103 04aa | fd03 00aa | 2a00 0014 | e253 40f9 | 0110 40b9 | 4100 00b4 | 610f 018b 
  0x0000000112197b88: 3f00 02eb | a100 0054 | e3e7 00b9 | e467 00f9 | fd03 00aa | 1800 0014 | e503 1faa | 3f00 05eb 
  0x0000000112197ba8: e3e7 00b9 | 8100 0054 | e103 04aa | fd03 00aa | 1900 0014 | e467 00f9 | e503 02aa | e203 01aa 
  0x0000000112197bc8: e103 05aa | fd03 00aa | 09c2 8ed2 | c932 b4f2 | 490f c0f2 

  0x0000000112197bdc: ; ImmutableOopMap {rfp=Oop [160]=Oop [168]=Oop [184]=Oop [192]=Oop [200]=Oop [232]=Oop }
                      ;*invokevirtual equals {reexecute=0 rethrow=0 return_oop=0}
                      ; - java.util.concurrent.ConcurrentHashMap::computeIfAbsent@241 (line 1748)
                      ;   {virtual_call}
  0x0000000112197bdc: 611d fb97 

  0x0000000112197be0: ;   {post_call_nop}
  0x0000000112197be0: 1f20 03d5 | 1fd3 80f2 | 1f80 80f2 | 1f00 0071 | 6100 0054 | e19b 4ca9 | 0900 0014 | a017 40b9 
  0x0000000112197c00: 4000 00b4 | 600f 008b | bf39 03d5 | e203 1faa | 1f00 02eb | a135 0054 | e19b 4ca9 | e283 0491 
  0x0000000112197c20: 5d04 00f9 | a303 40f9 | 801b 47b9 | 1fa0 1d71 | 8a51 0054 | 0920 0051 | 896b 69f8 | bf03 09eb 
  0x0000000112197c40: 2001 0054 | 7f00 7ff2 | c150 0054 | 6300 40b2 | 6900 40d2 | e803 03aa | a97f e8c8 | 1f01 03eb 
  0x0000000112197c60: 0150 0054 | 9d6b 20f8 | 0020 0011 | 801b 07b9 | 2268 66b8 | 4200 00b4 | 620f 028b | bf39 03d5 
  0x0000000112197c80: e003 01aa | e307 7eb2 | df00 03eb | 8101 0054 | e803 1faa | 1f00 08eb | 2001 0054 | 0008 40b9 
  0x0000000112197ca0: 0028 60d2 | 00c4 8439 | 1f00 0071 | 8000 0054 | 8023 4139 | 1f00 0071 | a14d 0054 | 4201 00b4 
  0x0000000112197cc0: ;   {metadata('java/util/concurrent/ConcurrentHashMap$Node')}
  0x0000000112197cc0: 035d 96d2 | 4305 a0f2 | e3ff c0f2 | 4408 40b9 | 8428 60d2 | 881c 40f9 | 7f00 08eb | 014d 0054 
  0x0000000112197ce0: 0100 0014 | 5f00 1deb | c000 0054 | fdb3 40b9 | e35f 40f9 | 0400 a052 | e167 00f9 | 1e01 0014 
  0x0000000112197d00: e3e7 40b9 | 7f00 0071 | 8b14 0054 | e003 1daa | e303 0032 | e3f3 00b9 | e167 00f9 | e3e3 40b9 
  0x0000000112197d20: e253 40f9 

  0x0000000112197d24: ; implicit exception: dispatches to 0x0000000112198684
  0x0000000112197d24: 050c 40b9 | bf00 036b | 6000 0054 | fd03 00aa | 1800 0014 | 0510 40b9 | 4500 00b4 | 650f 058b 
  0x0000000112197d44: bf00 02eb | 6004 0054 | e603 1faa | bf00 06eb | 6100 0054 | fd03 00aa | 0e00 0014 | e603 02aa 
  0x0000000112197d64: e203 05aa | e103 06aa | fd03 00aa | 09c7 8ed2 | c932 b4f2 | 490f c0f2 

  0x0000000112197d7c: ; ImmutableOopMap {rfp=Oop [160]=Oop [168]=Oop [192]=Oop [200]=Oop [232]=Oop [296]=Oop }
                      ;*invokevirtual equals {reexecute=0 rethrow=0 return_oop=0}
                      ; - java.util.concurrent.ConcurrentHashMap::computeIfAbsent@323 (line 1761)
                      ;   {virtual_call}
  0x0000000112197d7c: f91c fb97 

  0x0000000112197d80: ;   {post_call_nop}
  0x0000000112197d80: 1f20 03d5 | 1f07 81f2 | 1fa0 80f2 | 1f00 0071 | 4102 0054 | a21b 40b9 | 4200 00b4 | 620f 028b 
  0x0000000112197da0: bf39 03d5 | e103 1faa | 5f00 01eb | 8002 0054 | e3f3 40b9 | 6104 0011 

  0x0000000112197db8: ; ImmutableOopMap {c_rarg2=Oop [160]=Oop [168]=Oop [192]=Oop [200]=Oop [232]=Oop [296]=Oop }
                      ;*goto {reexecute=1 rethrow=0 return_oop=0}
                      ; - (reexecute) java.util.concurrent.ConcurrentHashMap::computeIfAbsent@410 (line 1757)
  0x0000000112197db8: 881b 40f9 

  0x0000000112197dbc: ;   {poll}
  0x0000000112197dbc: 1f01 40b9 | fd03 02aa | e303 01aa | e003 1daa | e3f3 00b9 | d3ff ff17 | fd03 00aa | e3f3 40b9 
  0x0000000112197ddc: a217 40b9 | 4200 00b4 | 620f 028b | bf39 03d5 | 0000 a052 | e6e3 40b9 | e553 40f9 | 6400 0014 
  0x0000000112197dfc: e207 4aa9 | 09cc 8ed2 | c932 b4f2 | 490f c0f2 

  0x0000000112197e0c: ; ImmutableOopMap {rfp=Oop [160]=Oop [168]=Oop [192]=Oop [200]=Oop [232]=Oop [296]=Oop }
                      ;*invokeinterface apply {reexecute=0 rethrow=0 return_oop=0}
                      ; - java.util.concurrent.ConcurrentHashMap::computeIfAbsent@356 (line 1767)
                      ;   {virtual_call}
  0x0000000112197e0c: df1c fb97 

  0x0000000112197e10: ;   {post_call_nop}
  0x0000000112197e10: 1f20 03d5 | 1f19 81f2 | 1fe0 80f2 | e203 00aa | e303 1faa | 5f00 03eb | c100 0054 | 0000 a052 
  0x0000000112197e30: e3f3 40b9 | e6e3 40b9 | e553 40f9 | 5300 0014 | a31b 40b9 | 4300 00b4 | 630f 038b | bf39 03d5 
  0x0000000112197e50: e003 1faa | 7f00 00eb | 8128 0054 | e0e3 40b9 | e553 40f9 

  0x0000000112197e64: ;   {metadata('java/util/concurrent/ConcurrentHashMap$Node')}
  0x0000000112197e64: 035d 96d2 | 4305 a0f2 | e3ff c0f2 | e603 00aa | 80db 40f9 | 0b80 0091 | 88e3 40f9 | 7f01 08eb 
  0x0000000112197e84: 2840 0054 | 8bdb 00f9 | ea03 40b2 | 0a00 00f9 | 6a28 60d2 | 0a7c 0129 | 0a40 0091 | 5f7d 00a9 
  0x0000000112197ea4: bf3a 03d5 | 060c 00b9 | 8323 4139 | 7f00 0071 | e13e 0054 | a800 1beb | 0821 9f9a | 08fd 43d3 
  0x0000000112197ec4: 0810 00b9 | 0300 05ca | 63fc 55d3 | e300 00b4 | c500 00b4 | 03fc 49d3 | 842b 40f9 | 6868 6438 
  0x0000000112197ee4: 4800 0036 | 7f68 2438 | 8323 4139 | 7f00 0071 | c13d 0054 | bf3b 03d5 | 4800 1beb | 0821 9f9a 
  0x0000000112197f04: 08fd 43d3 | 0814 00b9 | bf3b 03d5 | 0300 02ca | 63fc 55d3 | e300 00b4 | c200 00b4 | 03fc 49d3 
  0x0000000112197f24: 842b 40f9 | 6868 6438 | 4800 0036 | 7f68 2438 | bf3a 03d5 | 8323 4139 | 7f00 0071 | 413c 0054 
  0x0000000112197f44: bf3b 03d5 | 0800 1beb | 0821 9f9a | 08fd 43d3 | a81b 00b9 | bf3b 03d5 | a303 00ca | 63fc 55d3 
  0x0000000112197f64: e300 00b4 | c000 00b4 | a3ff 49d3 | 842b 40f9 | 6868 6438 | 4800 0036 | 7f68 2438 | e003 0032 
  0x0000000112197f84: e3f3 40b9 | e403 00aa | fd03 03aa | e303 02aa | 7800 0014 | e167 00f9 | e6e3 40b9 | e553 40f9 
  0x0000000112197fa4: 3d02 00b4 

  0x0000000112197fa8: ; ImmutableOopMap {c_rarg5=Oop rfp=Oop [160]=Oop [168]=Oop [184]=Oop [192]=Oop [200]=Oop [232]=Oop [296]=Oop }
                      ;*instanceof {reexecute=0 rethrow=0 return_oop=0}
                      ; - java.util.concurrent.ConcurrentHashMap::computeIfAbsent@418 (line 1777)
                      ;   {runtime_call C1 Runtime load_mirror_patching_blob}
  0x0000000112197fa8: d6f4 fa97 | a10b 40b9 | 2128 60d2 | 3f00 04eb | c001 0054 | 8314 40b9 | 2868 63f8 | 9f00 08eb 
  0x0000000112197fc8: 4001 0054 | 6880 00d1 | c800 00b5 | e113 bfa9 

  0x0000000112197fd8: ;   {runtime_call C1 Runtime slow_subtype_check_blob}
  0x0000000112197fd8: faf0 fa97 | e407 c1a8 | 4400 00b4 | 0300 0014 | e203 1faa | 0200 0014 | e203 40b2 | 5f00 0071 
  0x0000000112197ff8: c009 0054 | 3d02 00b4 

  0x0000000112198000: ; ImmutableOopMap {c_rarg5=Oop rfp=Oop [160]=Oop [168]=Oop [192]=Oop [200]=Oop [232]=Oop [296]=Oop }
                      ;*checkcast {reexecute=0 rethrow=0 return_oop=0}
                      ; - java.util.concurrent.ConcurrentHashMap::computeIfAbsent@429 (line 1779)
                      ;   {runtime_call C1 Runtime load_mirror_patching_blob}
  0x0000000112198000: c0f4 fa97 | a40b 40b9 | 8428 60d2 | 9f00 03eb | 8001 0054 | 6214 40b9 | 8868 62f8 | 7f00 08eb 
  0x0000000112198020: 0001 0054 | 4880 00d1 | e835 00b5 | e40f bfa9 

  0x0000000112198030: ;   {runtime_call C1 Runtime slow_subtype_check_blob}
  0x0000000112198030: e4f0 fa97 | e313 c1a8 | 6335 00b4 | 0100 0014 | e003 1daa | e803 1faa | 1f00 08eb | 0035 0054 
  0x0000000112198050: ; ImmutableOopMap {c_rarg5=Oop rfp=Oop c_rarg0=Oop [160]=Oop [168]=Oop [192]=Oop [200]=Oop [232]=Oop [296]=Oop }
                      ;*getfield root {reexecute=1 rethrow=0 return_oop=0}
                      ; - (reexecute) java.util.concurrent.ConcurrentHashMap::computeIfAbsent@436 (line 1781)
                      ;   {runtime_call C1 Runtime load_mirror_patching_blob}
  0x0000000112198050: acf4 fa97 | e203 1faa | 3f00 02eb | e07f 00f9 | c001 0054 | e203 06aa | e303 05aa | e403 1faa 
  0x0000000112198070: 09d1 8ed2 | c932 b4f2 | 490f c0f2 

  0x000000011219807c: ; ImmutableOopMap {rfp=Oop [160]=Oop [168]=Oop [192]=Oop [200]=Oop [232]=Oop [248]=Oop [296]=Oop }
                      ;*invokevirtual findTreeNode {reexecute=0 rethrow=0 return_oop=0}
                      ; - java.util.concurrent.ConcurrentHashMap::computeIfAbsent@450 (line 1782)
                      ;   {virtual_call}
  0x000000011219807c: a1ee f797 

  0x0000000112198080: ;   {post_call_nop}
  0x0000000112198080: 1f20 03d5 | 1f67 81f2 | 1f60 81f2 | e203 1faa | 1f00 02eb | a103 0054 | e207 4aa9 | 09d6 8ed2 
  0x00000001121980a0: c932 b4f2 | 490f c0f2 

  0x00000001121980a8: ; ImmutableOopMap {rfp=Oop [160]=Oop [168]=Oop [192]=Oop [200]=Oop [232]=Oop [248]=Oop [296]=Oop }
                      ;*invokeinterface apply {reexecute=0 rethrow=0 return_oop=0}
                      ; - java.util.concurrent.ConcurrentHashMap::computeIfAbsent@471 (line 1784)
                      ;   {virtual_call}
  0x00000001121980a8: 96ee f797 

  0x00000001121980ac: ;   {post_call_nop}
  0x00000001121980ac: 1f20 03d5 | 9f6c 81f2 | 1f80 81f2 | e203 1faa | 1f00 02eb | 6100 0054 | 0100 a052 | 1600 0014 
  0x00000001121980cc: e17f 40f9 | e2e3 40b9 | e353 40f9 | e403 00aa | e083 00f9 | 09db 8ed2 | c932 b4f2 | 490f c0f2 
  0x00000001121980ec: ; ImmutableOopMap {rfp=Oop [160]=Oop [168]=Oop [192]=Oop [200]=Oop [232]=Oop [256]=Oop [296]=Oop }
                      ;*invokevirtual putTreeVal {reexecute=0 rethrow=0 return_oop=0}
                      ; - java.util.concurrent.ConcurrentHashMap::computeIfAbsent@491 (line 1786)
                      ;   {virtual_call}
  0x00000001121980ec: 85ee f797 

  0x00000001121980f0: ;   {post_call_nop}
  0x00000001121980f0: 1f20 03d5 | 1f75 81f2 | 1fa0 81f2 | e083 40f9 | e103 0032 | 0700 0014 | e803 1faa | 1f00 08eb 
  0x0000000112198110: 402f 0054 

  0x0000000112198114: ; ImmutableOopMap {c_rarg0=Oop rfp=Oop [160]=Oop [168]=Oop [192]=Oop [200]=Oop [232]=Oop [296]=Oop }
                      ;*getfield val {reexecute=1 rethrow=0 return_oop=0}
                      ; - (reexecute) java.util.concurrent.ConcurrentHashMap::computeIfAbsent@461 (line 1783)
                      ;   {runtime_call C1 Runtime load_mirror_patching_blob}
  0x0000000112198114: 7bf4 fa97 | e003 02aa | 0100 a052 | e403 01aa | e303 00aa | fd03 1f32 | 1200 0014 | 3d01 00b4 
  0x0000000112198134: ;   {metadata('java/util/concurrent/ConcurrentHashMap$ReservationNode')}
  0x0000000112198134: 03de 97d2 | 4305 a0f2 | e3ff c0f2 | a80b 40b9 | 0829 60d2 | 1f01 03eb | 4100 0054 | 0300 0014 
  0x0000000112198154: e003 1faa | 0200 0014 | e003 40b2 | 1f00 0071 | e10b 0054 | fdb3 40b9 | e35f 40f9 | 0400 a052 
  0x0000000112198174: e083 0491 | 0104 40f9 | 821b 47b9 | 4220 0051 | 896b 62f8 | 3f00 09eb | c12b 0054 | 821b 07b9 
  0x0000000112198194: 4920 0051 | 896b 69f8 | 3f00 09eb | 6001 0054 | 2500 40f9 | c500 0837 | a900 40b2 | e803 05aa 
  0x00000001121981b4: 29fc a8c8 | 1f01 05eb | 8000 0054 | 4220 0011 | 821b 07b9 | 4f01 0014 | bf03 0071 | 6101 0054 
  0x00000001121981d4: e067 40f9 | e203 1daa 

  0x00000001121981dc: ; ImmutableOopMap {c_rarg0=Oop c_rarg3=Oop [160]=Oop [168]=Oop [192]=Oop }
                      ;*goto {reexecute=1 rethrow=0 return_oop=0}
                      ; - (reexecute) java.util.concurrent.ConcurrentHashMap::computeIfAbsent@558 (line 1801)
  0x00000001121981dc: 881b 40f9 

  0x00000001121981e0: ;   {poll}
  0x00000001121981e0: 1f01 40b9 | e103 00aa | e2b3 00b9 | e35f 00f9 | e0e3 40b9 | fd63 40f9 | 4efd ff17 | e167 40f9 
  0x0000000112198200: bf23 0071 | fdf7 00b9 | e387 00f9 | 6a00 0054 | fd03 04aa | 0a00 0014 | e5b7 40b9 | e203 01aa 
  0x0000000112198220: e303 05aa | e163 40f9 | fd03 04aa 

  0x000000011219822c: ; ImmutableOopMap {[192]=Oop [264]=Oop }
                      ;*invokevirtual treeifyBin {reexecute=0 rethrow=0 return_oop=0}
                      ; - java.util.concurrent.ConcurrentHashMap::computeIfAbsent@547 (line 1795)
                      ;   {optimized virtual_call}
  0x000000011219822c: b5ed f797 

  0x0000000112198230: ;   {post_call_nop}
  0x0000000112198230: 1f20 03d5 | 1f9d 81f2 | 1f00 82f2 | bf03 0071 | 4003 0054 | fdf7 40b9 | e387 40f9 | 0200 0014 
  0x0000000112198250: fd03 02aa | e203 1faa | 7f00 02eb | 6100 0054 | fd03 03aa | 0a00 0014 | e163 40f9 | e203 40b2 
  0x0000000112198270: e003 03aa | e303 1daa | fd03 00aa 

  0x000000011219827c: ; ImmutableOopMap {rfp=Oop }
                      ;*invokevirtual addCount {reexecute=0 rethrow=0 return_oop=0}
                      ; - java.util.concurrent.ConcurrentHashMap::computeIfAbsent@570 (line 1803)
                      ;   {optimized virtual_call}
  0x000000011219827c: 9149 fb97 

  0x0000000112198280: ;   {post_call_nop}
  0x0000000112198280: 1f20 03d5 | 1fa7 81f2 | 1f20 82f2 | e003 1daa | fd7b 54a9 | ff43 0591 

  0x0000000112198298: ;   {poll_return}
  0x0000000112198298: 8817 40f9 | ff63 28eb | a823 0054 | c003 5fd6 | e387 40f9 | e003 03aa | fd7b 54a9 | ff43 0591 
  0x00000001121982b8: ;   {poll_return}
  0x00000001121982b8: 8817 40f9 | ff63 28eb | 0823 0054 | c003 5fd6 | fd7b 54a9 | ff43 0591 

  0x00000001121982d0: ;   {poll_return}
  0x00000001121982d0: 8817 40f9 | ff63 28eb | a822 0054 | c003 5fd6 

  0x00000001121982e0: ;   {metadata('java/lang/IllegalStateException')}
  0x00000001121982e0: 0382 89d2 | 0320 a0f2 | e3ff c0f2 | 68c0 0491 | 08fd df08 | 1f11 0071 

  0x00000001121982f8: ; implicit exception: dispatches to 0x0000000112198738
  0x00000001121982f8: 2122 0054 | 80db 40f9 | 0ba0 0091 | 88e3 40f9 | 7f01 08eb | 8821 0054 | 8bdb 00f9 | ea03 40b2 
  0x0000000112198318: 0a00 00f9 | 6a28 60d2 | 0a7c 0129 | 0a40 0091 | 5f01 00f9 | 5ffd 00a9 | bf3a 03d5 

  0x0000000112198334: ;   {oop("Recursive update"{0x00000070022bb938})}
  0x0000000112198334: 0227 97d2 | 6245 a0f2 | 020e c0f2 | e103 00aa | e08b 00f9 

  0x0000000112198348: ; ImmutableOopMap {rfp=Oop [232]=Oop [272]=Oop [296]=Oop }
                      ;*invokespecial <init> {reexecute=0 rethrow=0 return_oop=0}
                      ; - java.util.concurrent.ConcurrentHashMap::computeIfAbsent@512 (line 1790)
                      ;   {optimized virtual_call}
  0x0000000112198348: 6eed f797 

  0x000000011219834c: ;   {post_call_nop}
  0x000000011219834c: 1f20 03d5 | 9fc0 81f2 | 1f40 82f2 

  0x0000000112198358: ; ImmutableOopMap {rfp=Oop c_rarg0=Oop [232]=Oop [296]=Oop }
                      ;*athrow {reexecute=1 rethrow=0 return_oop=0}
                      ; - (reexecute) java.util.concurrent.ConcurrentHashMap::computeIfAbsent@515 (line 1790)
  0x0000000112198358: e08b 40f9 

  0x000000011219835c: ;   {section_word}
  0x000000011219835c: 0300 0010 

  0x0000000112198360: ;   {runtime_call C1 Runtime handle_exception_nofpu_blob}
  0x0000000112198360: c8ed fa97 | 1f20 03d5 | fd77 40f9 

  0x000000011219836c: ;   {metadata('java/lang/IllegalStateException')}
  0x000000011219836c: 0382 89d2 | 0320 a0f2 | e3ff c0f2 | 68c0 0491 | 08fd df08 | 1f11 0071 

  0x0000000112198384: ; implicit exception: dispatches to 0x0000000112198744
  0x0000000112198384: 211e 0054 | 80db 40f9 | 0ba0 0091 | 88e3 40f9 | 7f01 08eb | 881d 0054 | 8bdb 00f9 | ea03 40b2 
  0x00000001121983a4: 0a00 00f9 | 6a28 60d2 | 0a7c 0129 | 0a40 0091 | 5f01 00f9 | 5ffd 00a9 | bf3a 03d5 

  0x00000001121983c0: ;   {oop("Recursive update"{0x00000070022bb938})}
  0x00000001121983c0: 0227 97d2 | 6245 a0f2 | 020e c0f2 | e103 00aa | e08f 00f9 

  0x00000001121983d4: ; ImmutableOopMap {rfp=Oop [232]=Oop [280]=Oop [296]=Oop }
                      ;*invokespecial <init> {reexecute=0 rethrow=0 return_oop=0}
                      ; - java.util.concurrent.ConcurrentHashMap::computeIfAbsent@381 (line 1769)
                      ;   {optimized virtual_call}
  0x00000001121983d4: 4bed f797 

  0x00000001121983d8: ;   {post_call_nop}
  0x00000001121983d8: 1f20 03d5 | 1fd2 81f2 | 1f80 82f2 

  0x00000001121983e4: ; ImmutableOopMap {rfp=Oop c_rarg0=Oop [232]=Oop [296]=Oop }
                      ;*athrow {reexecute=1 rethrow=0 return_oop=0}
                      ; - (reexecute) java.util.concurrent.ConcurrentHashMap::computeIfAbsent@384 (line 1769)
  0x00000001121983e4: e08f 40f9 

  0x00000001121983e8: ;   {section_word}
  0x00000001121983e8: 0300 0010 

  0x00000001121983ec: ;   {runtime_call C1 Runtime handle_exception_nofpu_blob}
  0x00000001121983ec: a5ed fa97 | 1f20 03d5 

  0x00000001121983f4: ;   {metadata('java/lang/NullPointerException')}
  0x00000001121983f4: 03a9 8ad2 | a303 a0f2 | e3ff c0f2 | 80db 40f9 | 0bc0 0091 | 88e3 40f9 | 7f01 08eb | 081a 0054 
  0x0000000112198414: 8bdb 00f9 | ea03 40b2 | 0a00 00f9 | 6a28 60d2 | 0a7c 0129 | 0a40 0091 | 5f7d 00a9 | 5f7d 01a9 
  0x0000000112198434: bf3a 03d5 | fd03 00aa | e103 1daa 

  0x0000000112198440: ; ImmutableOopMap {rfp=Oop }
                      ;*invokespecial <init> {reexecute=0 rethrow=0 return_oop=0}
                      ; - java.util.concurrent.ConcurrentHashMap::computeIfAbsent@12 (line 1720)
                      ;   {optimized virtual_call}
  0x0000000112198440: 30ed f797 

  0x0000000112198444: ;   {post_call_nop}
  0x0000000112198444: 1f20 03d5 | 9fdf 81f2 | 1fc0 82f2 | e003 1daa | d900 0014 | 80a7 42f9 | 9fa7 02f9 | 9fab 02f9 
  0x0000000112198464: e303 00aa | e083 0491 | 0204 40f9 | 811b 47b9 | 2120 0051 | 896b 61f8 | 5f00 09eb | c116 0054 
  0x0000000112198484: 811b 07b9 | 2920 0051 | 896b 69f8 | 5f00 09eb | 6001 0054 | 4400 40f9 | c400 0837 | 8900 40b2 
  0x00000001121984a4: e803 04aa | 49fc a8c8 | 1f01 04eb | 8000 0054 | 2120 0011 | 811b 07b9 | a700 0014 | e003 03aa 
  0x00000001121984c4: bd00 0014 | e66b 40f9 | 80a7 42f9 | 9fa7 02f9 | 9fab 02f9 | e303 1faa | 2160 268b | 8423 4139 
  0x00000001121984e4: 9f00 0071 | 0114 0054 | bf3b 03d5 | 6800 1beb | 0821 9f9a | 08fd 43d3 | 2800 00b9 | bf3b 03d5 
  0x0000000112198504: 2400 03ca | 84fc 55d3 | e400 00b4 | c300 00b4 | 24fc 49d3 | 852b 40f9 | 8868 6538 | 4800 0036 
  0x0000000112198524: ; ImmutableOopMap {c_rarg2=Oop c_rarg0=Oop [296]=Oop }
                      ;*athrow {reexecute=1 rethrow=0 return_oop=0}
                      ; - (reexecute) java.util.concurrent.ConcurrentHashMap::computeIfAbsent@164 (line 1739)
  0x0000000112198524: 9f68 2538 

  0x0000000112198528: ;   {section_word}
  0x0000000112198528: 0300 0010 

  0x000000011219852c: ;   {runtime_call C1 Runtime handle_exception_nofpu_blob}
  0x000000011219852c: 55ed fa97 | 1f20 03d5 | 80a7 42f9 | 9fa7 02f9 | 9fab 02f9 | e103 00aa | e083 0491 | 0304 40f9 
  0x000000011219854c: 821b 47b9 | 4220 0051 | 896b 62f8 | 7f00 09eb | 4111 0054 | 821b 07b9 | 4920 0051 | 896b 69f8 
  0x000000011219856c: 7f00 09eb | 6001 0054 | 6400 40f9 | c400 0837 | 8900 40b2 | e803 04aa | 69fc a8c8 | 1f01 04eb 
  0x000000011219858c: 8000 0054 | 4220 0011 | 821b 07b9 | 7b00 0014 | e003 01aa | 8600 0014 

  0x00000001121985a4: ; ImmutableOopMap {rfp=Oop c_rarg1=Oop [160]=Oop [168]=Oop [184]=Oop [192]=Oop }
                      ;*arraylength {reexecute=0 rethrow=0 return_oop=0}
                      ; - java.util.concurrent.ConcurrentHashMap::computeIfAbsent@43 (line 1726)
                      ;   {runtime_call C1 Runtime throw_null_pointer_exception_blob}
  0x00000001121985a4: a7e9 fa97 | 6391 ffb4 | e303 00f9 

  0x00000001121985b0: ;   {runtime_call g1_pre_barrier_slow}
  0x00000001121985b0: 64f6 fa97 | 88fc ff17 | e803 03aa 

  0x00000001121985bc: ; ImmutableOopMap {c_rarg1=Oop [160]=Oop [168]=Oop [184]=Oop [192]=Oop }
                      ;*checkcast {reexecute=0 rethrow=0 return_oop=0}
                      ; - java.util.concurrent.ConcurrentHashMap::tabAt@17 (line 774)
                      ; - java.util.concurrent.ConcurrentHashMap::computeIfAbsent@70 (line 1728)
                      ;   {runtime_call C1 Runtime throw_class_cast_exception_blob}
  0x00000001121985bc: c1ee fa97 

  0x00000001121985c0: ; ImmutableOopMap {c_rarg1=Oop [160]=Oop [168]=Oop [184]=Oop [192]=Oop }
                      ;*new {reexecute=0 rethrow=0 return_oop=0}
                      ; - java.util.concurrent.ConcurrentHashMap::computeIfAbsent@79 (line 1729)
                      ;   {runtime_call C1 Runtime fast_new_instance_blob}
  0x00000001121985c0: f0ea fa97 | a3fc ff17 | e20f 00a9 

  0x00000001121985cc: ; ImmutableOopMap {c_rarg1=Oop c_rarg3=Oop [160]=Oop [168]=Oop [184]=Oop [192]=Oop [296]=Oop }
                      ;*monitorenter {reexecute=0 rethrow=0 return_oop=0}
                      ; - java.util.concurrent.ConcurrentHashMap::computeIfAbsent@93 (line 1730)
                      ;   {runtime_call C1 Runtime monitorenter_nofpu_blob}
  0x00000001121985cc: adf0 fa97 | b9fc ff17 | 4000 40b9 | 4000 00b4 | 600f 008b | 2097 ffb4 | e003 00f9 

  0x00000001121985e8: ;   {runtime_call g1_pre_barrier_slow}
  0x00000001121985e8: 56f6 fa97 | b6fc ff17 

  0x00000001121985f0: ; ImmutableOopMap {c_rarg2=Oop c_rarg5=Oop [160]=Oop [168]=Oop [192]=Oop [200]=Oop [216]=Oop [296]=Oop }
                      ;*new {reexecute=0 rethrow=0 return_oop=0}
                      ; - java.util.concurrent.ConcurrentHashMap::computeIfAbsent@126 (line 1736)
                      ;   {runtime_call C1 Runtime fast_new_instance_blob}
  0x00000001121985f0: e4ea fa97 | f6fc ff17 | 0310 40b9 | 4300 00b4 | 630f 038b | c39e ffb4 | e303 00f9 

  0x000000011219860c: ;   {runtime_call g1_pre_barrier_slow}
  0x000000011219860c: 4df6 fa97 | f3fc ff17 | 0314 40b9 | 4300 00b4 | 630f 038b | e39f ffb4 | e303 00f9 

  0x0000000112198628: ;   {runtime_call g1_pre_barrier_slow}
  0x0000000112198628: 46f6 fa97 | fcfc ff17 | 0300 40b9 | 4300 00b4 | 630f 038b | c3a1 ffb4 | e303 00f9 

  0x0000000112198644: ;   {runtime_call g1_pre_barrier_slow}
  0x0000000112198644: 3ff6 fa97 | 0bfd ff17 | e083 0491 | e003 00f9 | fea5 ff10 

  0x0000000112198658: ;   {runtime_call C1 Runtime monitorexit_nofpu_blob}
  0x0000000112198658: 5af1 fa17 

  0x000000011219865c: ; ImmutableOopMap {c_rarg5=Oop c_rarg0=Oop c_rarg4=Oop [160]=Oop [168]=Oop [184]=Oop [192]=Oop [232]=Oop }
                      ;*getfield hash {reexecute=1 rethrow=0 return_oop=0}
                      ; - (reexecute) java.util.concurrent.ConcurrentHashMap::computeIfAbsent@192 (line 1745)
                      ;   {runtime_call C1 Runtime throw_null_pointer_exception_blob}
  0x000000011219865c: 79e9 fa97 | e277 00a9 

  0x0000000112198664: ; ImmutableOopMap {rfp=Oop c_rarg1=Oop [160]=Oop [168]=Oop [184]=Oop [192]=Oop [232]=Oop [296]=Oop }
                      ;*monitorenter {reexecute=0 rethrow=0 return_oop=0}
                      ; - java.util.concurrent.ConcurrentHashMap::computeIfAbsent@269 (line 1753)
                      ;   {runtime_call C1 Runtime monitorenter_nofpu_blob}
  0x0000000112198664: 87f0 fa97 | 82fd ff17 | 82b2 ffb4 | e203 00f9 

  0x0000000112198674: ;   {runtime_call g1_pre_barrier_slow}
  0x0000000112198674: 33f6 fa97 | 91fd ff17 | e803 02aa 

  0x0000000112198680: ; ImmutableOopMap {rfp=Oop c_rarg1=Oop [160]=Oop [168]=Oop [184]=Oop [192]=Oop [232]=Oop [296]=Oop }
                      ;*checkcast {reexecute=0 rethrow=0 return_oop=0}
                      ; - java.util.concurrent.ConcurrentHashMap::tabAt@17 (line 774)
                      ; - java.util.concurrent.ConcurrentHashMap::computeIfAbsent@274 (line 1754)
                      ;   {runtime_call C1 Runtime throw_class_cast_exception_blob}
  0x0000000112198680: 90ee fa97 

  0x0000000112198684: ; ImmutableOopMap {c_rarg0=Oop c_rarg2=Oop [160]=Oop [168]=Oop [192]=Oop [200]=Oop [232]=Oop [296]=Oop }
                      ;*getfield hash {reexecute=1 rethrow=0 return_oop=0}
                      ; - (reexecute) java.util.concurrent.ConcurrentHashMap::computeIfAbsent@296 (line 1759)
                      ;   {runtime_call C1 Runtime throw_null_pointer_exception_blob}
  0x0000000112198684: 6fe9 fa97 

  0x0000000112198688: ; ImmutableOopMap {c_rarg2=Oop rfp=Oop c_rarg5=Oop [160]=Oop [168]=Oop [192]=Oop [200]=Oop [232]=Oop [296]=Oop }
                      ;*new {reexecute=0 rethrow=0 return_oop=0}
                      ; - java.util.concurrent.ConcurrentHashMap::computeIfAbsent@390 (line 1771)
                      ;   {runtime_call C1 Runtime fast_new_instance_blob}
  0x0000000112198688: beea fa97 | 07fe ff17 | 0310 40b9 | 4300 00b4 | 630f 038b | e3c0 ffb4 | e303 00f9 

  0x00000001121986a4: ;   {runtime_call g1_pre_barrier_slow}
  0x00000001121986a4: 27f6 fa97 | 04fe ff17 | 0314 40b9 | 4300 00b4 | 630f 038b | 03c2 ffb4 | e303 00f9 

  0x00000001121986c0: ;   {runtime_call g1_pre_barrier_slow}
  0x00000001121986c0: 20f6 fa97 | 0dfe ff17 | a31b 40b9 | 4300 00b4 | 630f 038b | 83c3 ffb4 | e303 00f9 

  0x00000001121986dc: ;   {runtime_call g1_pre_barrier_slow}
  0x00000001121986dc: 19f6 fa97 | 19fe ff17 | e803 1daa 

  0x00000001121986e8: ; ImmutableOopMap {c_rarg5=Oop rfp=Oop [160]=Oop [168]=Oop [192]=Oop [200]=Oop [232]=Oop [296]=Oop }
                      ;*checkcast {reexecute=0 rethrow=0 return_oop=0}
                      ; - java.util.concurrent.ConcurrentHashMap::computeIfAbsent@429 (line 1779)
                      ;   {runtime_call C1 Runtime throw_class_cast_exception_blob}
  0x00000001121986e8: 76ee fa97 | e8fb 7cb2 | e803 00f9 

  0x00000001121986f4: ; ImmutableOopMap {c_rarg5=Oop rfp=Oop c_rarg0=Oop [160]=Oop [168]=Oop [192]=Oop [200]=Oop [232]=Oop [296]=Oop }
                      ;*getfield root {reexecute=1 rethrow=0 return_oop=0}
                      ; - (reexecute) java.util.concurrent.ConcurrentHashMap::computeIfAbsent@436 (line 1781)
                      ;   {runtime_call C1 Runtime deoptimize_blob}
  0x00000001121986f4: 93f1 fa97 | e8fb 7cb2 | e803 00f9 

  0x0000000112198700: ; ImmutableOopMap {c_rarg0=Oop rfp=Oop [160]=Oop [168]=Oop [192]=Oop [200]=Oop [232]=Oop [296]=Oop }
                      ;*getfield val {reexecute=1 rethrow=0 return_oop=0}
                      ; - (reexecute) java.util.concurrent.ConcurrentHashMap::computeIfAbsent@461 (line 1783)
                      ;   {runtime_call C1 Runtime deoptimize_blob}
  0x0000000112198700: 90f1 fa97 | e083 0491 | e003 00f9 | 1ed6 ff10 

  0x0000000112198710: ;   {runtime_call C1 Runtime monitorexit_nofpu_blob}
  0x0000000112198710: 2cf1 fa17 

  0x0000000112198714: ;   {internal_word}
  0x0000000112198714: 28dc ff10 | 884f 02f9 

  0x000000011219871c: ;   {runtime_call SafepointBlob}
  0x000000011219871c: 19f2 f717 

  0x0000000112198720: ;   {internal_word}
  0x0000000112198720: c8dc ff10 | 884f 02f9 

  0x0000000112198728: ;   {runtime_call SafepointBlob}
  0x0000000112198728: 16f2 f717 

  0x000000011219872c: ;   {internal_word}
  0x000000011219872c: 28dd ff10 | 884f 02f9 

  0x0000000112198734: ;   {runtime_call SafepointBlob}
  0x0000000112198734: 13f2 f717 

  0x0000000112198738: ; ImmutableOopMap {rfp=Oop [232]=Oop [296]=Oop }
                      ;*new {reexecute=0 rethrow=0 return_oop=0}
                      ; - java.util.concurrent.ConcurrentHashMap::computeIfAbsent@506 (line 1790)
                      ;   {runtime_call C1 Runtime throw_null_pointer_exception_blob}
  0x0000000112198738: 42e9 fa97 

  0x000000011219873c: ; ImmutableOopMap {rfp=Oop [232]=Oop [296]=Oop }
                      ;*new {reexecute=0 rethrow=0 return_oop=0}
                      ; - java.util.concurrent.ConcurrentHashMap::computeIfAbsent@506 (line 1790)
                      ;   {runtime_call C1 Runtime fast_new_instance_init_check_blob}
  0x000000011219873c: 01eb fa97 | fdfe ff17 

  0x0000000112198744: ; ImmutableOopMap {rfp=Oop [232]=Oop [296]=Oop }
                      ;*new {reexecute=0 rethrow=0 return_oop=0}
                      ; - java.util.concurrent.ConcurrentHashMap::computeIfAbsent@375 (line 1769)
                      ;   {runtime_call C1 Runtime throw_null_pointer_exception_blob}
  0x0000000112198744: 3fe9 fa97 

  0x0000000112198748: ; ImmutableOopMap {rfp=Oop [232]=Oop [296]=Oop }
                      ;*new {reexecute=0 rethrow=0 return_oop=0}
                      ; - java.util.concurrent.ConcurrentHashMap::computeIfAbsent@375 (line 1769)
                      ;   {runtime_call C1 Runtime fast_new_instance_init_check_blob}
  0x0000000112198748: feea fa97 | 1dff ff17 

  0x0000000112198750: ; ImmutableOopMap {}
                      ;*new {reexecute=0 rethrow=0 return_oop=0}
                      ; - java.util.concurrent.ConcurrentHashMap::computeIfAbsent@8 (line 1720)
                      ;   {runtime_call C1 Runtime fast_new_instance_blob}
  0x0000000112198750: 8cea fa97 | 39ff ff17 | e083 0491 | e003 00f9 | 1eeb ff10 

  0x0000000112198764: ;   {runtime_call C1 Runtime monitorexit_nofpu_blob}
  0x0000000112198764: 17f1 fa17 | 2400 40b9 | 4400 00b4 | 640f 048b | c4eb ffb4 | e403 00f9 

  0x000000011219877c: ;   {runtime_call g1_pre_barrier_slow}
  0x000000011219877c: f1f5 fa97 | 5bff ff17 | e083 0491 | e003 00f9 | 9ef0 ff10 

  0x0000000112198790: ;   {runtime_call C1 Runtime monitorexit_nofpu_blob}
  0x0000000112198790: 0cf1 fa17 | e26f 40f9 | e167 40f9 | 4bff ff17 | e26f 40f9 | e167 40f9 | 48ff ff17 | 80a7 42f9 
  0x00000001121987b0: 9fa7 02f9 | 9fab 02f9 | fd7b 54a9 | ff43 0591 

  0x00000001121987c0: ;   {runtime_call C1 Runtime unwind_exception_blob}
  0x00000001121987c0: a0e5 fa17 | 0000 0000 
[Stub Code]
  0x00000001121987c8: ;   {static_stub}
  0x00000001121987c8: df3f 03d5 

  0x00000001121987cc: ;   {metadata(nullptr)}
  0x00000001121987cc: 0c00 80d2 | 0c00 a0f2 | 0c00 c0f2 | 0000 0014 

  0x00000001121987dc: ;   {static_stub}
  0x00000001121987dc: df3f 03d5 

  0x00000001121987e0: ;   {metadata(nullptr)}
  0x00000001121987e0: 0c00 80d2 | 0c00 a0f2 | 0c00 c0f2 | 0000 0014 

  0x00000001121987f0: ;   {static_stub}
  0x00000001121987f0: df3f 03d5 

  0x00000001121987f4: ;   {metadata(nullptr)}
  0x00000001121987f4: 0c00 80d2 | 0c00 a0f2 | 0c00 c0f2 | 0000 0014 

  0x0000000112198804: ;   {static_stub}
  0x0000000112198804: df3f 03d5 

  0x0000000112198808: ;   {metadata(nullptr)}
  0x0000000112198808: 0c00 80d2 | 0c00 a0f2 | 0c00 c0f2 | 0000 0014 

  0x0000000112198818: ;   {static_stub}
  0x0000000112198818: df3f 03d5 

  0x000000011219881c: ;   {metadata(nullptr)}
  0x000000011219881c: 0c00 80d2 | 0c00 a0f2 | 0c00 c0f2 | 0000 0014 

  0x000000011219882c: ;   {static_stub}
  0x000000011219882c: df3f 03d5 

  0x0000000112198830: ;   {metadata(nullptr)}
  0x0000000112198830: 0c00 80d2 | 0c00 a0f2 | 0c00 c0f2 | 0000 0014 

  0x0000000112198840: ;   {static_stub}
  0x0000000112198840: df3f 03d5 

  0x0000000112198844: ;   {metadata(nullptr)}
  0x0000000112198844: 0c00 80d2 | 0c00 a0f2 | 0c00 c0f2 | 0000 0014 

  0x0000000112198854: ;   {static_stub}
  0x0000000112198854: df3f 03d5 

  0x0000000112198858: ;   {metadata(nullptr)}
  0x0000000112198858: 0c00 80d2 | 0c00 a0f2 | 0c00 c0f2 | 0000 0014 

  0x0000000112198868: ;   {static_stub}
  0x0000000112198868: df3f 03d5 

  0x000000011219886c: ;   {metadata(nullptr)}
  0x000000011219886c: 0c00 80d2 | 0c00 a0f2 | 0c00 c0f2 | 0000 0014 

  0x000000011219887c: ;   {static_stub}
  0x000000011219887c: df3f 03d5 

  0x0000000112198880: ;   {metadata(nullptr)}
  0x0000000112198880: 0c00 80d2 | 0c00 a0f2 | 0c00 c0f2 | 0000 0014 

  0x0000000112198890: ;   {static_stub}
  0x0000000112198890: df3f 03d5 

  0x0000000112198894: ;   {metadata(nullptr)}
  0x0000000112198894: 0c00 80d2 | 0c00 a0f2 | 0c00 c0f2 | 0000 0014 

  0x00000001121988a4: ;   {static_stub}
  0x00000001121988a4: df3f 03d5 

  0x00000001121988a8: ;   {metadata(nullptr)}
  0x00000001121988a8: 0c00 80d2 | 0c00 a0f2 | 0c00 c0f2 | 0000 0014 

  0x00000001121988b8: ;   {static_stub}
  0x00000001121988b8: df3f 03d5 

  0x00000001121988bc: ;   {metadata(nullptr)}
  0x00000001121988bc: 0c00 80d2 | 0c00 a0f2 | 0c00 c0f2 | 0000 0014 

  0x00000001121988cc: ;   {static_stub}
  0x00000001121988cc: df3f 03d5 

  0x00000001121988d0: ;   {metadata({method} {0x000007ff00487ce8} 'initTable' '()[Ljava/util/concurrent/ConcurrentHashMap$Node;' in 'java/util/concurrent/ConcurrentHashMap')}
  0x00000001121988d0: 0c9d 8fd2 | 0c09 a0f2 | ecff c0f2 | 8def f717 

  0x00000001121988e0: ;   {static_stub}
  0x00000001121988e0: df3f 03d5 

  0x00000001121988e4: ;   {metadata(nullptr)}
  0x00000001121988e4: 0c00 80d2 | 0c00 a0f2 | 0c00 c0f2 | 0000 0014 
[Exception Handler]
  0x00000001121988f4: ;   {runtime_call C1 Runtime handle_exception_from_callee_blob}
  0x00000001121988f4: 33ed fa97 

  0x00000001121988f8: ;   {external_word}
  0x00000001121988f8: 20cb 86d2 | 201b a1f2 | 2000 c0f2 | c1d5 bbd4 

  0x0000000112198908: ;   {runtime_call DeoptimizationBlob}
  0x0000000112198908: 1ef2 f797 
[Deopt Handler Entry Point]
  0x000000011219890c: ffff ff17 
[/MachCode]


Compiled method (c1) 391809 13035   !   1       jdk.internal.reflect.DirectMethodHandleAccessor::invoke (92 bytes)
 total in heap  [0x00000001123f4e48,0x00000001123f5a18] = 3024
 main code      [0x00000001123f4f40,0x00000001123f5888] = 2376
 stub code      [0x00000001123f5888,0x00000001123f59d0] = 328
 oops           [0x00000001123f59d0,0x00000001123f5a18] = 72
 mutable data [0x0000007aa1be8000,0x0000007aa1be8310] = 784
 relocation     [0x0000007aa1be8000,0x0000007aa1be8218] = 536
 metadata       [0x0000007aa1be8218,0x0000007aa1be8310] = 248
 immutable data [0x0000007aa3925000,0x0000007aa3925e34] = 3636
 dependencies   [0x0000007aa3925000,0x0000007aa3925020] = 32
 nul chk table  [0x0000007aa3925020,0x0000007aa39250d0] = 176
 handler table  [0x0000007aa39250d0,0x0000007aa39257c0] = 1776
 scopes pcs     [0x0000007aa39257c0,0x0000007aa3925b80] = 960
 scopes data    [0x0000007aa3925b80,0x0000007aa3925e30] = 688

[Constant Pool (empty)]


Loading hsdis library failed, undisassembled code is shown in MachCode section
[MachCode]
[Instructions begin]
  0x00000001123f4f40: 1f20 03d5 | 1f20 03d5 | 1f20 03d5 | 1f20 03d5 | 1f20 03d5 | 1f20 03d5 | 1f20 03d5 | 1f20 03d5 
  0x00000001123f4f60: 1f20 03d5 | 1f20 03d5 | 1f20 03d5 
[Entry Point]
  # {method} {0x000007ff002c7438} 'invoke' '(Ljava/lang/Object;[Ljava/lang/Object;)Ljava/lang/Object;' in 'jdk/internal/reflect/DirectMethodHandleAccessor'
  # this:     c_rarg1:c_rarg1 
                        = 'jdk/internal/reflect/DirectMethodHandleAccessor'
  # parm0:    c_rarg2:c_rarg2 
                        = 'java/lang/Object'
  # parm1:    c_rarg3:c_rarg3 
                        = '[Ljava/lang/Object;'
  #           [sp+0x130]  (sp of caller)
  0x00000001123f4f6c: 2808 40b9 | 2a09 40b9 | 1f01 0a6b | 4000 0054 

  0x00000001123f4f7c: ;   {runtime_call Shared Runtime ic_miss_blob}
  0x00000001123f4f7c: e179 ee17 
[Verified Entry Point]
  0x00000001123f4f80: 1f20 03d5 | e953 40d1 | 3f01 00f9 | ffc3 04d1 | fd7b 12a9 | 2801 0018 | 8923 40b9 | 1f01 09eb 
  0x00000001123f4fa0: e000 0054 

  0x00000001123f4fa4: ;   {runtime_call Stub::Stub Generator method_entry_barrier_stub}
  0x00000001123f4fa4: 08d8 85d2 | e83e a2f2 | 2800 c0f2 | 0001 3fd6 | 0200 0014 | 2100 0000 | fd03 01aa | e30b 0ba9 
  0x00000001123f4fc4: a113 40b9 | 2100 1712 | 3f00 0871 | e117 9f9a | 2100 0012 | 3f00 0071 | 0101 0054 | e003 02aa 
  0x00000001123f4fe4: e203 00aa | e103 1daa 

  0x00000001123f4fec: ; ImmutableOopMap {rfp=Oop [176]=Oop [184]=Oop }
                      ;*invokevirtual checkReceiver {reexecute=0 rethrow=0 return_oop=0}
                      ; - jdk.internal.reflect.DirectMethodHandleAccessor::invoke@9 (line 100)
                      ;   {optimized virtual_call}
  0x00000001123f4fec: b5ad f497 

  0x00000001123f4ff0: ;   {post_call_nop}
  0x00000001123f4ff0: 1f20 03d5 | 1f35 80f2 | 1f00 80f2 | a10f 40b9 | e25b 40f9 

  0x00000001123f5004: ; ImmutableOopMap {rfp=Oop [176]=Oop [184]=Oop }
                      ;*invokestatic checkArgumentCount {reexecute=0 rethrow=0 return_oop=0}
                      ; - jdk.internal.reflect.DirectMethodHandleAccessor::invoke@17 (line 102)
                      ;   {static_call}
  0x00000001123f5004: 3f05 0094 

  0x00000001123f5008: ;   {post_call_nop}
  0x00000001123f5008: 1f20 03d5 | 1f38 80f2 | 1f20 80f2 | a10f 40b9 | 3f00 0071 | 2013 0054 | 3f04 0071 | 800e 0054 
  0x00000001123f5028: 3f08 0071 | 4009 0054 | 3f0c 0071 | 8003 0054 | a01b 40b9 | 4000 00b4 | 600f 008b | e063 00f9 
  0x00000001123f5048: ; implicit exception: dispatches to 0x00000001123f5794
  0x00000001123f5048: 0110 40b9 | 4100 00b4 | 610f 018b 

  0x00000001123f5054: ;   {oop(a 'java/lang/invoke/MethodType'{0x00000071002f2e30} = (Ljava/lang/Object;[Ljava/lang/Object;)Ljava/lang/Object;)}
  0x00000001123f5054: 02c6 85d2 | e205 a0f2 | 220e c0f2 | 3f00 02eb | c121 0054 | 0114 40b9 | 4100 00b4 | 610f 018b 
  0x00000001123f5074: ; implicit exception: dispatches to 0x00000001123f5798
  0x00000001123f5074: 211c 40b9 | 4100 00b4 | 610f 018b | e203 1faa | 3f00 02eb | 4119 0054 | e103 00aa 

  0x00000001123f5090: ; ImmutableOopMap {rfp=Oop [176]=Oop [184]=Oop [192]=Oop }
                      ;*invokestatic maybeCustomize {reexecute=0 rethrow=0 return_oop=0}
                      ; - java.lang.invoke.Invokers::checkCustomized@19 (line 628)
                      ; - java.lang.invoke.Invokers$Holder::invokeExact_MT@14
                      ; - jdk.internal.reflect.DirectMethodHandleAccessor::invokeImpl@104 (line 158)
                      ; - jdk.internal.reflect.DirectMethodHandleAccessor::invoke@23 (line 104)
                      ;   {static_call}
  0x00000001123f5090: 1c7b ee97 

  0x00000001123f5094: ;   {post_call_nop}
  0x00000001123f5094: 1f20 03d5 | 9f49 80f2 | 1f40 80f2 | c400 0014 | e35b 40f9 | a01b 40b9 | 4000 00b4 | 600f 008b 
  0x00000001123f50b4: e073 00f9 

  0x00000001123f50b8: ; implicit exception: dispatches to 0x00000001123f579c
  0x00000001123f50b8: 610c 40b9 | e203 1f32 | 5f00 016b | ea36 0054 | 6210 40b9 | 4200 00b4 | 620f 028b | e267 00f9 
  0x00000001123f50d8: 6414 40b9 | 4400 00b4 | 640f 048b | e46b 00f9 | 6318 40b9 | 4300 00b4 | 630f 038b | e36f 00f9 
  0x00000001123f50f8: ; implicit exception: dispatches to 0x00000001123f57a4
  0x00000001123f50f8: 0110 40b9 | 4100 00b4 | 610f 018b 

  0x00000001123f5104: ;   {oop(a 'java/lang/invoke/MethodType'{0x0000007000867e48} = (Ljava/lang/Object;Ljava/lang/Object;Ljava/lang/Object;Ljava/lang/Object;)Ljava/lang/Object;)}
  0x00000001123f5104: 05c9 8fd2 | c510 a0f2 | 050e c0f2 | 3f00 05eb | c11a 0054 | 0114 40b9 | 4100 00b4 | 610f 018b 
  0x00000001123f5124: ; implicit exception: dispatches to 0x00000001123f57a8
  0x00000001123f5124: 211c 40b9 | 4100 00b4 | 610f 018b | e503 1faa | 3f00 05eb | 2112 0054 | e103 00aa 

  0x00000001123f5140: ; ImmutableOopMap {rfp=Oop [184]=Oop [200]=Oop [208]=Oop [216]=Oop [224]=Oop }
                      ;*invokestatic maybeCustomize {reexecute=0 rethrow=0 return_oop=0}
                      ; - java.lang.invoke.Invokers::checkCustomized@19 (line 628)
                      ; - java.lang.invoke.LambdaForm$MH/0x000007ff012d0800::invokeExact_MT@15
                      ; - jdk.internal.reflect.DirectMethodHandleAccessor::invokeImpl@92 (line 157)
                      ; - jdk.internal.reflect.DirectMethodHandleAccessor::invoke@23 (line 104)
                      ;   {static_call}
  0x00000001123f5140: f07a ee97 

  0x00000001123f5144: ;   {post_call_nop}
  0x00000001123f5144: 1f20 03d5 | 9f5f 80f2 | 1f60 80f2 | 8b00 0014 | e35b 40f9 | a01b 40b9 | 4000 00b4 | 600f 008b 
  0x00000001123f5164: e07f 00f9 

  0x00000001123f5168: ; implicit exception: dispatches to 0x00000001123f57ac
  0x00000001123f5168: 610c 40b9 | e203 0032 | 5f00 016b | ea31 0054 | 6210 40b9 | 4200 00b4 | 620f 028b | e277 00f9 
  0x00000001123f5188: 6314 40b9 | 4300 00b4 | 630f 038b | e37b 00f9 

  0x00000001123f5198: ; implicit exception: dispatches to 0x00000001123f57b4
  0x00000001123f5198: 0110 40b9 | 4100 00b4 | 610f 018b 

  0x00000001123f51a4: ;   {oop(a 'java/lang/invoke/MethodType'{0x0000007000867dd8} = (Ljava/lang/Object;Ljava/lang/Object;Ljava/lang/Object;)Ljava/lang/Object;)}
  0x00000001123f51a4: 04bb 8fd2 | c410 a0f2 | 040e c0f2 | 3f00 04eb | 4114 0054 | 0114 40b9 | 4100 00b4 | 610f 018b 
  0x00000001123f51c4: ; implicit exception: dispatches to 0x00000001123f57b8
  0x00000001123f51c4: 211c 40b9 | 4100 00b4 | 610f 018b | e403 1faa | 3f00 04eb | 810b 0054 | e103 00aa 

  0x00000001123f51e0: ; ImmutableOopMap {rfp=Oop [184]=Oop [232]=Oop [240]=Oop [248]=Oop }
                      ;*invokestatic maybeCustomize {reexecute=0 rethrow=0 return_oop=0}
                      ; - java.lang.invoke.Invokers::checkCustomized@19 (line 628)
                      ; - java.lang.invoke.LambdaForm$MH/0x000007ff01042400::invokeExact_MT@15
                      ; - jdk.internal.reflect.DirectMethodHandleAccessor::invokeImpl@72 (line 156)
                      ; - jdk.internal.reflect.DirectMethodHandleAccessor::invoke@23 (line 104)
                      ;   {static_call}
  0x00000001123f51e0: c87a ee97 

  0x00000001123f51e4: ;   {post_call_nop}
  0x00000001123f51e4: 1f20 03d5 | 9f73 80f2 | 1f80 80f2 | 5600 0014 | e35b 40f9 | a01b 40b9 | 4000 00b4 | 600f 008b 
  0x00000001123f5204: e087 00f9 

  0x00000001123f5208: ; implicit exception: dispatches to 0x00000001123f57bc
  0x00000001123f5208: 610c 40b9 | 3f00 0071 | 892d 0054 | 6210 40b9 | 4200 00b4 | 620f 028b | e283 00f9 

  0x00000001123f5224: ; implicit exception: dispatches to 0x00000001123f57d8
  0x00000001123f5224: 0110 40b9 | 4100 00b4 | 610f 018b 

  0x00000001123f5230: ;   {oop(a 'java/lang/invoke/MethodType'{0x0000007000867d70} = (Ljava/lang/Object;Ljava/lang/Object;)Ljava/lang/Object;)}
  0x00000001123f5230: 03ae 8fd2 | c310 a0f2 | 030e c0f2 | 3f00 03eb | 610e 0054 | 0114 40b9 | 4100 00b4 | 610f 018b 
  0x00000001123f5250: ; implicit exception: dispatches to 0x00000001123f57dc
  0x00000001123f5250: 211c 40b9 | 4100 00b4 | 610f 018b | e303 1faa | 3f00 03eb | a105 0054 | e103 00aa 

  0x00000001123f526c: ; ImmutableOopMap {rfp=Oop [184]=Oop [256]=Oop [264]=Oop }
                      ;*invokestatic maybeCustomize {reexecute=0 rethrow=0 return_oop=0}
                      ; - java.lang.invoke.Invokers::checkCustomized@19 (line 628)
                      ; - java.lang.invoke.Invokers$Holder::invokeExact_MT@14
                      ; - jdk.internal.reflect.DirectMethodHandleAccessor::invokeImpl@55 (line 155)
                      ; - jdk.internal.reflect.DirectMethodHandleAccessor::invoke@23 (line 104)
                      ;   {static_call}
  0x00000001123f526c: d567 fd97 

  0x00000001123f5270: ;   {post_call_nop}
  0x00000001123f5270: 1f20 03d5 | 1f85 80f2 | 1fa0 80f2 | 2700 0014 | a01b 40b9 | 4000 00b4 | 600f 008b | e08b 00f9 
  0x00000001123f5290: ; implicit exception: dispatches to 0x00000001123f57e0
  0x00000001123f5290: 0110 40b9 | 4100 00b4 | 610f 018b 

  0x00000001123f529c: ;   {oop(a 'java/lang/invoke/MethodType'{0x0000007000867b70} = (Ljava/lang/Object;)Ljava/lang/Object;)}
  0x00000001123f529c: 026e 8fd2 | c210 a0f2 | 020e c0f2 | 3f00 02eb | a109 0054 | 0114 40b9 | 4100 00b4 | 610f 018b 
  0x00000001123f52bc: ; implicit exception: dispatches to 0x00000001123f57e4
  0x00000001123f52bc: 211c 40b9 | 4100 00b4 | 610f 018b | e203 1faa | 3f00 02eb | c100 0054 | e103 00aa 

  0x00000001123f52d8: ; ImmutableOopMap {rfp=Oop [184]=Oop [272]=Oop }
                      ;*invokestatic maybeCustomize {reexecute=0 rethrow=0 return_oop=0}
                      ; - java.lang.invoke.Invokers::checkCustomized@19 (line 628)
                      ; - java.lang.invoke.Invokers$Holder::invokeExact_MT@14
                      ; - jdk.internal.reflect.DirectMethodHandleAccessor::invokeImpl@41 (line 154)
                      ; - jdk.internal.reflect.DirectMethodHandleAccessor::invoke@23 (line 104)
                      ;   {static_call}
  0x00000001123f52d8: ba67 fd97 

  0x00000001123f52dc: ;   {post_call_nop}
  0x00000001123f52dc: 1f20 03d5 | 9f92 80f2 | 1fc0 80f2 | e25f 40f9 | e18b 40f9 

  0x00000001123f52f0: ; ImmutableOopMap {rfp=Oop }
                      ;*invokevirtual invokeBasic {reexecute=0 rethrow=0 return_oop=0}
                      ; - java.lang.invoke.Invokers$Holder::invokeExact_MT@19
                      ; - jdk.internal.reflect.DirectMethodHandleAccessor::invokeImpl@41 (line 154)
                      ; - jdk.internal.reflect.DirectMethodHandleAccessor::invoke@23 (line 104)
                      ;   {optimized virtual_call}
  0x00000001123f52f0: 84ea f197 

  0x00000001123f52f4: ;   {post_call_nop}
  0x00000001123f52f4: 1f20 03d5 | 9f95 80f2 | 1fe0 80f2 | fd7b 52a9 | ffc3 0491 

  0x00000001123f5308: ;   {poll_return}
  0x00000001123f5308: 8817 40f9 | ff63 28eb | c826 0054 | c003 5fd6 | e25f 40f9 | e307 50a9 

  0x00000001123f5320: ; ImmutableOopMap {rfp=Oop }
                      ;*invokevirtual invokeBasic {reexecute=0 rethrow=0 return_oop=0}
                      ; - java.lang.invoke.Invokers$Holder::invokeExact_MT@20
                      ; - jdk.internal.reflect.DirectMethodHandleAccessor::invokeImpl@55 (line 155)
                      ; - jdk.internal.reflect.DirectMethodHandleAccessor::invoke@23 (line 104)
                      ;   {optimized virtual_call}
  0x00000001123f5320: 58ec f497 

  0x00000001123f5324: ;   {post_call_nop}
  0x00000001123f5324: 1f20 03d5 | 9f9b 80f2 | 1f00 81f2 | fd7b 52a9 | ffc3 0491 

  0x00000001123f5338: ;   {poll_return}
  0x00000001123f5338: 8817 40f9 | ff63 28eb | a825 0054 | c003 5fd6 | e25f 40f9 | e393 4ea9 | e17f 40f9 

  0x00000001123f5354: ; ImmutableOopMap {rfp=Oop }
                      ;*invokevirtual invokeBasic {reexecute=0 rethrow=0 return_oop=0}
                      ; - java.lang.invoke.LambdaForm$MH/0x000007ff01042400::invokeExact_MT@22
                      ; - jdk.internal.reflect.DirectMethodHandleAccessor::invokeImpl@72 (line 156)
                      ; - jdk.internal.reflect.DirectMethodHandleAccessor::invoke@23 (line 104)
                      ;   {optimized virtual_call}
  0x00000001123f5354: 6b79 ee97 

  0x00000001123f5358: ;   {post_call_nop}
  0x00000001123f5358: 1f20 03d5 | 1fa2 80f2 | 1f20 81f2 | fd7b 52a9 | ffc3 0491 

  0x00000001123f536c: ;   {poll_return}
  0x00000001123f536c: 8817 40f9 | ff63 28eb | 6824 0054 | c003 5fd6 | e25f 40f9 | e393 4ca9 | e587 4da9 

  0x00000001123f5388: ; ImmutableOopMap {rfp=Oop }
                      ;*invokevirtual invokeBasic {reexecute=0 rethrow=0 return_oop=0}
                      ; - java.lang.invoke.LambdaForm$MH/0x000007ff012d0800::invokeExact_MT@24
                      ; - jdk.internal.reflect.DirectMethodHandleAccessor::invokeImpl@92 (line 157)
                      ; - jdk.internal.reflect.DirectMethodHandleAccessor::invoke@23 (line 104)
                      ;   {optimized virtual_call}
  0x00000001123f5388: 5e79 ee97 

  0x00000001123f538c: ;   {post_call_nop}
  0x00000001123f538c: 1f20 03d5 | 9fa8 80f2 | 1f40 81f2 | fd7b 52a9 | ffc3 0491 

  0x00000001123f53a0: ;   {poll_return}
  0x00000001123f53a0: 8817 40f9 | ff63 28eb | 2823 0054 | c003 5fd6 | e30b 4ba9 | e163 40f9 

  0x00000001123f53b8: ; ImmutableOopMap {rfp=Oop }
                      ;*invokevirtual invokeBasic {reexecute=0 rethrow=0 return_oop=0}
                      ; - java.lang.invoke.Invokers$Holder::invokeExact_MT@20
                      ; - jdk.internal.reflect.DirectMethodHandleAccessor::invokeImpl@104 (line 158)
                      ; - jdk.internal.reflect.DirectMethodHandleAccessor::invoke@23 (line 104)
                      ;   {optimized virtual_call}
  0x00000001123f53b8: 5279 ee97 

  0x00000001123f53bc: ;   {post_call_nop}
  0x00000001123f53bc: 1f20 03d5 | 9fae 80f2 | 1f60 81f2 | fd7b 52a9 | ffc3 0491 

  0x00000001123f53d0: ;   {poll_return}
  0x00000001123f53d0: 8817 40f9 | ff63 28eb | 0822 0054 | c003 5fd6 

  0x00000001123f53e0: ;   {oop(a 'java/lang/invoke/MethodType'{0x0000007000867b70} = (Ljava/lang/Object;)Ljava/lang/Object;)}
  0x00000001123f53e0: 026e 8fd2 | c210 a0f2 | 020e c0f2 

  0x00000001123f53ec: ; ImmutableOopMap {rfp=Oop [184]=Oop [272]=Oop }
                      ;*invokestatic newWrongMethodTypeException {reexecute=0 rethrow=0 return_oop=0}
                      ; - java.lang.invoke.Invokers::checkExactType@12 (line 533)
                      ; - java.lang.invoke.Invokers$Holder::invokeExact_MT@10
                      ; - jdk.internal.reflect.DirectMethodHandleAccessor::invokeImpl@41 (line 154)
                      ; - jdk.internal.reflect.DirectMethodHandleAccessor::invoke@23 (line 104)
                      ;   {static_call}
  0x00000001123f53ec: 457a ee97 

  0x00000001123f53f0: ;   {post_call_nop}
  0x00000001123f53f0: 1f20 03d5 | 1fb5 80f2 | 1f80 81f2 

  0x00000001123f53fc: ; implicit exception: dispatches to 0x00000001123f5824
                      ; ImmutableOopMap {rfp=Oop c_rarg0=Oop [184]=Oop [272]=Oop }
                      ;*athrow {reexecute=1 rethrow=0 return_oop=0}
                      ; - (reexecute) java.lang.invoke.Invokers::checkExactType@15 (line 533)
                      ; - java.lang.invoke.Invokers$Holder::invokeExact_MT@10
                      ; - jdk.internal.reflect.DirectMethodHandleAccessor::invokeImpl@41 (line 154)
                      ; - jdk.internal.reflect.DirectMethodHandleAccessor::invoke@23 (line 104)
  0x00000001123f53fc: 1f00 40f9 

  0x00000001123f5400: ;   {section_word}
  0x00000001123f5400: 0300 0010 

  0x00000001123f5404: ;   {runtime_call C1 Runtime handle_exception_nofpu_blob}
  0x00000001123f5404: 9f79 f197 | 1f20 03d5 

  0x00000001123f540c: ;   {oop(a 'java/lang/invoke/MethodType'{0x0000007000867d70} = (Ljava/lang/Object;Ljava/lang/Object;)Ljava/lang/Object;)}
  0x00000001123f540c: 03ae 8fd2 | c310 a0f2 | 030e c0f2 | e203 03aa 

  0x00000001123f541c: ; ImmutableOopMap {rfp=Oop [184]=Oop [256]=Oop [264]=Oop }
                      ;*invokestatic newWrongMethodTypeException {reexecute=0 rethrow=0 return_oop=0}
                      ; - java.lang.invoke.Invokers::checkExactType@12 (line 533)
                      ; - java.lang.invoke.Invokers$Holder::invokeExact_MT@10
                      ; - jdk.internal.reflect.DirectMethodHandleAccessor::invokeImpl@55 (line 155)
                      ; - jdk.internal.reflect.DirectMethodHandleAccessor::invoke@23 (line 104)
                      ;   {static_call}
  0x00000001123f541c: 397a ee97 

  0x00000001123f5420: ;   {post_call_nop}
  0x00000001123f5420: 1f20 03d5 | 1fbb 80f2 | 1fc0 81f2 

  0x00000001123f542c: ; implicit exception: dispatches to 0x00000001123f5828
                      ; ImmutableOopMap {rfp=Oop c_rarg0=Oop [184]=Oop [256]=Oop [264]=Oop }
                      ;*athrow {reexecute=1 rethrow=0 return_oop=0}
                      ; - (reexecute) java.lang.invoke.Invokers::checkExactType@15 (line 533)
                      ; - java.lang.invoke.Invokers$Holder::invokeExact_MT@10
                      ; - jdk.internal.reflect.DirectMethodHandleAccessor::invokeImpl@55 (line 155)
                      ; - jdk.internal.reflect.DirectMethodHandleAccessor::invoke@23 (line 104)
  0x00000001123f542c: 1f00 40f9 

  0x00000001123f5430: ;   {section_word}
  0x00000001123f5430: 0300 0010 

  0x00000001123f5434: ;   {runtime_call C1 Runtime handle_exception_nofpu_blob}
  0x00000001123f5434: 9379 f197 | 1f20 03d5 

  0x00000001123f543c: ;   {oop(a 'java/lang/invoke/MethodType'{0x0000007000867dd8} = (Ljava/lang/Object;Ljava/lang/Object;Ljava/lang/Object;)Ljava/lang/Object;)}
  0x00000001123f543c: 04bb 8fd2 | c410 a0f2 | 040e c0f2 | e203 04aa 

  0x00000001123f544c: ; ImmutableOopMap {rfp=Oop [184]=Oop [232]=Oop [240]=Oop [248]=Oop }
                      ;*invokestatic newWrongMethodTypeException {reexecute=0 rethrow=0 return_oop=0}
                      ; - java.lang.invoke.Invokers::checkExactType@12 (line 533)
                      ; - java.lang.invoke.LambdaForm$MH/0x000007ff01042400::invokeExact_MT@11
                      ; - jdk.internal.reflect.DirectMethodHandleAccessor::invokeImpl@72 (line 156)
                      ; - jdk.internal.reflect.DirectMethodHandleAccessor::invoke@23 (line 104)
                      ;   {static_call}
  0x00000001123f544c: 2d7a ee97 

  0x00000001123f5450: ;   {post_call_nop}
  0x00000001123f5450: 1f20 03d5 | 1fc1 80f2 | 1f00 82f2 

  0x00000001123f545c: ; implicit exception: dispatches to 0x00000001123f582c
                      ; ImmutableOopMap {rfp=Oop c_rarg0=Oop [184]=Oop [232]=Oop [240]=Oop [248]=Oop }
                      ;*athrow {reexecute=1 rethrow=0 return_oop=0}
                      ; - (reexecute) java.lang.invoke.Invokers::checkExactType@15 (line 533)
                      ; - java.lang.invoke.LambdaForm$MH/0x000007ff01042400::invokeExact_MT@11
                      ; - jdk.internal.reflect.DirectMethodHandleAccessor::invokeImpl@72 (line 156)
                      ; - jdk.internal.reflect.DirectMethodHandleAccessor::invoke@23 (line 104)
  0x00000001123f545c: 1f00 40f9 

  0x00000001123f5460: ;   {section_word}
  0x00000001123f5460: 0300 0010 

  0x00000001123f5464: ;   {runtime_call C1 Runtime handle_exception_nofpu_blob}
  0x00000001123f5464: 8779 f197 | 1f20 03d5 

  0x00000001123f546c: ;   {oop(a 'java/lang/invoke/MethodType'{0x0000007000867e48} = (Ljava/lang/Object;Ljava/lang/Object;Ljava/lang/Object;Ljava/lang/Object;)Ljava/lang/Object;)}
  0x00000001123f546c: 05c9 8fd2 | c510 a0f2 | 050e c0f2 | e203 05aa 

  0x00000001123f547c: ; ImmutableOopMap {rfp=Oop [184]=Oop [200]=Oop [208]=Oop [216]=Oop [224]=Oop }
                      ;*invokestatic newWrongMethodTypeException {reexecute=0 rethrow=0 return_oop=0}
                      ; - java.lang.invoke.Invokers::checkExactType@12 (line 533)
                      ; - java.lang.invoke.LambdaForm$MH/0x000007ff012d0800::invokeExact_MT@11
                      ; - jdk.internal.reflect.DirectMethodHandleAccessor::invokeImpl@92 (line 157)
                      ; - jdk.internal.reflect.DirectMethodHandleAccessor::invoke@23 (line 104)
                      ;   {static_call}
  0x00000001123f547c: 217a ee97 

  0x00000001123f5480: ;   {post_call_nop}
  0x00000001123f5480: 1f20 03d5 | 1fc7 80f2 | 1f40 82f2 

  0x00000001123f548c: ; implicit exception: dispatches to 0x00000001123f5830
                      ; ImmutableOopMap {rfp=Oop c_rarg0=Oop [184]=Oop [200]=Oop [208]=Oop [216]=Oop [224]=Oop }
                      ;*athrow {reexecute=1 rethrow=0 return_oop=0}
                      ; - (reexecute) java.lang.invoke.Invokers::checkExactType@15 (line 533)
                      ; - java.lang.invoke.LambdaForm$MH/0x000007ff012d0800::invokeExact_MT@11
                      ; - jdk.internal.reflect.DirectMethodHandleAccessor::invokeImpl@92 (line 157)
                      ; - jdk.internal.reflect.DirectMethodHandleAccessor::invoke@23 (line 104)
  0x00000001123f548c: 1f00 40f9 

  0x00000001123f5490: ;   {section_word}
  0x00000001123f5490: 0300 0010 

  0x00000001123f5494: ;   {runtime_call C1 Runtime handle_exception_nofpu_blob}
  0x00000001123f5494: 7b79 f197 | 1f20 03d5 

  0x00000001123f549c: ;   {oop(a 'java/lang/invoke/MethodType'{0x00000071002f2e30} = (Ljava/lang/Object;[Ljava/lang/Object;)Ljava/lang/Object;)}
  0x00000001123f549c: 04c6 85d2 | e405 a0f2 | 240e c0f2 | e203 04aa 

  0x00000001123f54ac: ; ImmutableOopMap {rfp=Oop [176]=Oop [184]=Oop [192]=Oop }
                      ;*invokestatic newWrongMethodTypeException {reexecute=0 rethrow=0 return_oop=0}
                      ; - java.lang.invoke.Invokers::checkExactType@12 (line 533)
                      ; - java.lang.invoke.Invokers$Holder::invokeExact_MT@10
                      ; - jdk.internal.reflect.DirectMethodHandleAccessor::invokeImpl@104 (line 158)
                      ; - jdk.internal.reflect.DirectMethodHandleAccessor::invoke@23 (line 104)
                      ;   {static_call}
  0x00000001123f54ac: 157a ee97 

  0x00000001123f54b0: ;   {post_call_nop}
  0x00000001123f54b0: 1f20 03d5 | 1fcd 80f2 | 1f80 82f2 

  0x00000001123f54bc: ; implicit exception: dispatches to 0x00000001123f5834
                      ; ImmutableOopMap {rfp=Oop c_rarg0=Oop [176]=Oop [184]=Oop [192]=Oop }
                      ;*athrow {reexecute=1 rethrow=0 return_oop=0}
                      ; - (reexecute) java.lang.invoke.Invokers::checkExactType@15 (line 533)
                      ; - java.lang.invoke.Invokers$Holder::invokeExact_MT@10
                      ; - jdk.internal.reflect.DirectMethodHandleAccessor::invokeImpl@104 (line 158)
                      ; - jdk.internal.reflect.DirectMethodHandleAccessor::invoke@23 (line 104)
  0x00000001123f54bc: 1f00 40f9 

  0x00000001123f54c0: ;   {section_word}
  0x00000001123f54c0: 0300 0010 

  0x00000001123f54c4: ;   {runtime_call C1 Runtime handle_exception_nofpu_blob}
  0x00000001123f54c4: 6f79 f197 | 1f20 03d5 | 80a7 42f9 | 9fa7 02f9 | 9fab 02f9 | fd03 00aa 

  0x00000001123f54dc: ;   {oop(a 'java/lang/Class'{0x00000070022f0238} = 'jdk/internal/reflect/DirectMethodHandleAccessor')}
  0x00000001123f54dc: 0147 80d2 | e145 a0f2 | 010e c0f2 | e203 1daa 

  0x00000001123f54ec: ; ImmutableOopMap {rfp=Oop }
                      ;*invokestatic isIllegalArgument {reexecute=0 rethrow=0 return_oop=0}
                      ; - jdk.internal.reflect.DirectMethodHandleAccessor::isIllegalArgument@3 (line 192)
                      ; - jdk.internal.reflect.DirectMethodHandleAccessor::invoke@58 (line 113)
                      ;   {static_call}
  0x00000001123f54ec: 057a ee97 

  0x00000001123f54f0: ;   {post_call_nop}
  0x00000001123f54f0: 1f20 03d5 | 1fd5 80f2 | 1fc0 82f2 | 0000 0012 | 1f00 0071 | a00c 0054 | 4a00 0014 | 80a7 42f9 
  0x00000001123f5510: 9fa7 02f9 | 9fab 02f9 | fd03 00aa 

  0x00000001123f551c: ;   {oop(a 'java/lang/Class'{0x00000070022f0238} = 'jdk/internal/reflect/DirectMethodHandleAccessor')}
  0x00000001123f551c: 0147 80d2 | e145 a0f2 | 010e c0f2 | e203 1daa 

  0x00000001123f552c: ; ImmutableOopMap {rfp=Oop }
                      ;*invokestatic isIllegalArgument {reexecute=0 rethrow=0 return_oop=0}
                      ; - jdk.internal.reflect.DirectMethodHandleAccessor::isIllegalArgument@3 (line 192)
                      ; - jdk.internal.reflect.DirectMethodHandleAccessor::invoke@30 (line 106)
                      ;   {static_call}
  0x00000001123f552c: f579 ee97 

  0x00000001123f5530: ;   {post_call_nop}
  0x00000001123f5530: 1f20 03d5 | 1fdd 80f2 | 1fe0 82f2 | 0300 0012 | 7f00 0071 | a003 0054 

  0x00000001123f5548: ;   {metadata('java/lang/IllegalArgumentException')}
  0x00000001123f5548: 03fe 86d2 | a303 a0f2 | e3ff c0f2 | 80db 40f9 | 0ba0 0091 | 88e3 40f9 | 7f01 08eb | a816 0054 
  0x00000001123f5568: 8bdb 00f9 | ea03 40b2 | 0a00 00f9 | 6a28 60d2 | 0a7c 0129 | 0a40 0091 | 5f01 00f9 | 5ffd 00a9 
  0x00000001123f5588: bf3a 03d5 | fd03 00aa 

  0x00000001123f5590: ;   {oop("argument type mismatch"{0x00000071002453e0})}
  0x00000001123f5590: 027c 8ad2 | 8204 a0f2 | 220e c0f2 | e103 1daa 

  0x00000001123f55a0: ; ImmutableOopMap {rfp=Oop }
                      ;*invokespecial <init> {reexecute=0 rethrow=0 return_oop=0}
                      ; - jdk.internal.reflect.DirectMethodHandleAccessor::invoke@42 (line 108)
                      ;   {optimized virtual_call}
  0x00000001123f55a0: d878 ee97 

  0x00000001123f55a4: ;   {post_call_nop}
  0x00000001123f55a4: 1f20 03d5 | 9feb 80f2 | 1f00 83f2 | e003 1daa | b100 0014 

  0x00000001123f55b8: ;   {metadata('java/lang/reflect/InvocationTargetException')}
  0x00000001123f55b8: 03cc 85d2 | 0320 a0f2 | e3ff c0f2 | 68c0 0491 | 08fd df08 | 1f11 0071 

  0x00000001123f55d0: ; implicit exception: dispatches to 0x00000001123f5840
  0x00000001123f55d0: a113 0054 | 80db 40f9 | 0ba0 0091 | 88e3 40f9 | 7f01 08eb | 0813 0054 | 8bdb 00f9 | ea03 40b2 
  0x00000001123f55f0: 0a00 00f9 | 6a28 60d2 | 0a7c 0129 | 0a40 0091 | 5f01 00f9 | 5ffd 00a9 | bf3a 03d5 | e203 1daa 
  0x00000001123f5610: e103 00aa | fd03 00aa 

  0x00000001123f5618: ; ImmutableOopMap {rfp=Oop }
                      ;*invokespecial <init> {reexecute=0 rethrow=0 return_oop=0}
                      ; - jdk.internal.reflect.DirectMethodHandleAccessor::invoke@51 (line 110)
                      ;   {optimized virtual_call}
  0x00000001123f5618: ba78 ee97 

  0x00000001123f561c: ;   {post_call_nop}
  0x00000001123f561c: 1f20 03d5 | 9ffa 80f2 | 1f20 83f2 | e003 1daa | 9300 0014 

  0x00000001123f5630: ;   {metadata('java/lang/IllegalArgumentException')}
  0x00000001123f5630: 03fe 86d2 | a303 a0f2 | e3ff c0f2 | 80db 40f9 | 0ba0 0091 | 88e3 40f9 | 7f01 08eb | 0810 0054 
  0x00000001123f5650: 8bdb 00f9 | ea03 40b2 | 0a00 00f9 | 6a28 60d2 | 0a7c 0129 | 0a40 0091 | 5f01 00f9 | 5ffd 00a9 
  0x00000001123f5670: bf3a 03d5 | e203 1daa | e103 00aa | fd03 00aa 

  0x00000001123f5680: ; ImmutableOopMap {rfp=Oop }
                      ;*invokespecial <init> {reexecute=0 rethrow=0 return_oop=0}
                      ; - jdk.internal.reflect.DirectMethodHandleAccessor::invoke@69 (line 114)
                      ;   {optimized virtual_call}
  0x00000001123f5680: a078 ee97 

  0x00000001123f5684: ;   {post_call_nop}
  0x00000001123f5684: 1f20 03d5 | 9f07 81f2 | 1f40 83f2 | e003 1daa | 7900 0014 

  0x00000001123f5698: ;   {metadata('java/lang/reflect/InvocationTargetException')}
  0x00000001123f5698: 03cc 85d2 | 0320 a0f2 | e3ff c0f2 | 68c0 0491 | 08fd df08 | 1f11 0071 

  0x00000001123f56b0: ; implicit exception: dispatches to 0x00000001123f5854
  0x00000001123f56b0: 410d 0054 | 80db 40f9 | 0ba0 0091 | 88e3 40f9 | 7f01 08eb | a80c 0054 | 8bdb 00f9 | ea03 40b2 
  0x00000001123f56d0: 0a00 00f9 | 6a28 60d2 | 0a7c 0129 | 0a40 0091 | 5f01 00f9 | 5ffd 00a9 | bf3a 03d5 | e203 1daa 
  0x00000001123f56f0: e103 00aa | fd03 00aa 

  0x00000001123f56f8: ; ImmutableOopMap {rfp=Oop }
                      ;*invokespecial <init> {reexecute=0 rethrow=0 return_oop=0}
                      ; - jdk.internal.reflect.DirectMethodHandleAccessor::invoke@78 (line 116)
                      ;   {optimized virtual_call}
  0x00000001123f56f8: 8278 ee97 

  0x00000001123f56fc: ;   {post_call_nop}
  0x00000001123f56fc: 1f20 03d5 | 9f16 81f2 | 1f60 83f2 | e003 1daa | 5b00 0014 | 80a7 42f9 | 9fa7 02f9 | 9fab 02f9 
  0x00000001123f571c: e203 00aa 

  0x00000001123f5720: ;   {metadata('java/lang/reflect/InvocationTargetException')}
  0x00000001123f5720: 03cc 85d2 | 0320 a0f2 | e3ff c0f2 | 68c0 0491 | 08fd df08 | 1f11 0071 

  0x00000001123f5738: ; implicit exception: dispatches to 0x00000001123f5860
  0x00000001123f5738: 6109 0054 | 80db 40f9 | 0ba0 0091 | 88e3 40f9 | 7f01 08eb | c808 0054 | 8bdb 00f9 | ea03 40b2 
  0x00000001123f5758: 0a00 00f9 | 6a28 60d2 | 0a7c 0129 | 0a40 0091 | 5f01 00f9 | 5ffd 00a9 | bf3a 03d5 | fd03 00aa 
  0x00000001123f5778: e103 1daa 

  0x00000001123f577c: ; ImmutableOopMap {rfp=Oop }
                      ;*invokespecial <init> {reexecute=0 rethrow=0 return_oop=0}
                      ; - jdk.internal.reflect.DirectMethodHandleAccessor::invoke@88 (line 119)
                      ;   {optimized virtual_call}
  0x00000001123f577c: 5700 0094 

  0x00000001123f5780: ;   {post_call_nop}
  0x00000001123f5780: 1f20 03d5 | 1f27 81f2 | 1f80 83f2 | e003 1daa | 3a00 0014 

  0x00000001123f5794: ; ImmutableOopMap {rfp=Oop c_rarg0=Oop [176]=Oop [184]=Oop [192]=Oop }
                      ;*invokevirtual type {reexecute=0 rethrow=0 return_oop=0}
                      ; - java.lang.invoke.Invokers::checkExactType@1 (line 531)
                      ; - java.lang.invoke.Invokers$Holder::invokeExact_MT@10
                      ; - jdk.internal.reflect.DirectMethodHandleAccessor::invokeImpl@104 (line 158)
                      ; - jdk.internal.reflect.DirectMethodHandleAccessor::invoke@23 (line 104)
                      ;   {runtime_call C1 Runtime throw_null_pointer_exception_blob}
  0x00000001123f5794: 2b75 f197 

  0x00000001123f5798: ; ImmutableOopMap {rfp=Oop c_rarg0=Oop [176]=Oop [184]=Oop [192]=Oop }
                      ;*getfield customized {reexecute=1 rethrow=0 return_oop=0}
                      ; - (reexecute) java.lang.invoke.Invokers::checkCustomized@12 (line 627)
                      ; - java.lang.invoke.Invokers$Holder::invokeExact_MT@14
                      ; - jdk.internal.reflect.DirectMethodHandleAccessor::invokeImpl@104 (line 158)
                      ; - jdk.internal.reflect.DirectMethodHandleAccessor::invoke@23 (line 104)
                      ;   {runtime_call C1 Runtime throw_null_pointer_exception_blob}
  0x00000001123f5798: 2a75 f197 

  0x00000001123f579c: ; ImmutableOopMap {rfp=Oop c_rarg3=Oop c_rarg0=Oop [176]=Oop [184]=Oop [224]=Oop }
                      ;*aaload {reexecute=0 rethrow=0 return_oop=0}
                      ; - jdk.internal.reflect.DirectMethodHandleAccessor::invokeImpl@85 (line 157)
                      ; - jdk.internal.reflect.DirectMethodHandleAccessor::invoke@23 (line 104)
                      ;   {runtime_call C1 Runtime predicate_failed_trap_blob}
  0x00000001123f579c: 7981 f197 

  0x00000001123f57a0: ; ImmutableOopMap {rfp=Oop c_rarg3=Oop c_rarg0=Oop [176]=Oop [184]=Oop [224]=Oop }
                      ;*aaload {reexecute=0 rethrow=0 return_oop=0}
                      ; - jdk.internal.reflect.DirectMethodHandleAccessor::invokeImpl@85 (line 157)
                      ; - jdk.internal.reflect.DirectMethodHandleAccessor::invoke@23 (line 104)
                      ;   {runtime_call C1 Runtime predicate_failed_trap_blob}
  0x00000001123f57a0: 7881 f197 

  0x00000001123f57a4: ; ImmutableOopMap {rfp=Oop c_rarg0=Oop c_rarg2=Oop c_rarg4=Oop c_rarg3=Oop [184]=Oop [200]=Oop [208]=Oop [216]=Oop [224]=Oop }
                      ;*invokevirtual type {reexecute=0 rethrow=0 return_oop=0}
                      ; - java.lang.invoke.Invokers::checkExactType@1 (line 531)
                      ; - java.lang.invoke.LambdaForm$MH/0x000007ff012d0800::invokeExact_MT@11
                      ; - jdk.internal.reflect.DirectMethodHandleAccessor::invokeImpl@92 (line 157)
                      ; - jdk.internal.reflect.DirectMethodHandleAccessor::invoke@23 (line 104)
                      ;   {runtime_call C1 Runtime throw_null_pointer_exception_blob}
  0x00000001123f57a4: 2775 f197 

  0x00000001123f57a8: ; ImmutableOopMap {rfp=Oop c_rarg0=Oop c_rarg2=Oop c_rarg4=Oop c_rarg3=Oop [184]=Oop [200]=Oop [208]=Oop [216]=Oop [224]=Oop }
                      ;*getfield customized {reexecute=1 rethrow=0 return_oop=0}
                      ; - (reexecute) java.lang.invoke.Invokers::checkCustomized@12 (line 627)
                      ; - java.lang.invoke.LambdaForm$MH/0x000007ff012d0800::invokeExact_MT@15
                      ; - jdk.internal.reflect.DirectMethodHandleAccessor::invokeImpl@92 (line 157)
                      ; - jdk.internal.reflect.DirectMethodHandleAccessor::invoke@23 (line 104)
                      ;   {runtime_call C1 Runtime throw_null_pointer_exception_blob}
  0x00000001123f57a8: 2675 f197 

  0x00000001123f57ac: ; ImmutableOopMap {rfp=Oop c_rarg3=Oop c_rarg0=Oop [176]=Oop [184]=Oop [248]=Oop }
                      ;*aaload {reexecute=0 rethrow=0 return_oop=0}
                      ; - jdk.internal.reflect.DirectMethodHandleAccessor::invokeImpl@68 (line 156)
                      ; - jdk.internal.reflect.DirectMethodHandleAccessor::invoke@23 (line 104)
                      ;   {runtime_call C1 Runtime predicate_failed_trap_blob}
  0x00000001123f57ac: 7581 f197 

  0x00000001123f57b0: ; ImmutableOopMap {rfp=Oop c_rarg3=Oop c_rarg0=Oop [176]=Oop [184]=Oop [248]=Oop }
                      ;*aaload {reexecute=0 rethrow=0 return_oop=0}
                      ; - jdk.internal.reflect.DirectMethodHandleAccessor::invokeImpl@68 (line 156)
                      ; - jdk.internal.reflect.DirectMethodHandleAccessor::invoke@23 (line 104)
                      ;   {runtime_call C1 Runtime predicate_failed_trap_blob}
  0x00000001123f57b0: 7481 f197 

  0x00000001123f57b4: ; ImmutableOopMap {rfp=Oop c_rarg0=Oop c_rarg2=Oop c_rarg3=Oop [184]=Oop [232]=Oop [240]=Oop [248]=Oop }
                      ;*invokevirtual type {reexecute=0 rethrow=0 return_oop=0}
                      ; - java.lang.invoke.Invokers::checkExactType@1 (line 531)
                      ; - java.lang.invoke.LambdaForm$MH/0x000007ff01042400::invokeExact_MT@11
                      ; - jdk.internal.reflect.DirectMethodHandleAccessor::invokeImpl@72 (line 156)
                      ; - jdk.internal.reflect.DirectMethodHandleAccessor::invoke@23 (line 104)
                      ;   {runtime_call C1 Runtime throw_null_pointer_exception_blob}
  0x00000001123f57b4: 2375 f197 

  0x00000001123f57b8: ; ImmutableOopMap {rfp=Oop c_rarg0=Oop c_rarg2=Oop c_rarg3=Oop [184]=Oop [232]=Oop [240]=Oop [248]=Oop }
                      ;*getfield customized {reexecute=1 rethrow=0 return_oop=0}
                      ; - (reexecute) java.lang.invoke.Invokers::checkCustomized@12 (line 627)
                      ; - java.lang.invoke.LambdaForm$MH/0x000007ff01042400::invokeExact_MT@15
                      ; - jdk.internal.reflect.DirectMethodHandleAccessor::invokeImpl@72 (line 156)
                      ; - jdk.internal.reflect.DirectMethodHandleAccessor::invoke@23 (line 104)
                      ;   {runtime_call C1 Runtime throw_null_pointer_exception_blob}
  0x00000001123f57b8: 2275 f197 

  0x00000001123f57bc: ; ImmutableOopMap {rfp=Oop c_rarg3=Oop c_rarg0=Oop [176]=Oop [184]=Oop [264]=Oop }
                      ;*aaload {reexecute=0 rethrow=0 return_oop=0}
                      ; - jdk.internal.reflect.DirectMethodHandleAccessor::invokeImpl@54 (line 155)
                      ; - jdk.internal.reflect.DirectMethodHandleAccessor::invoke@23 (line 104)
                      ;   {runtime_call C1 Runtime throw_null_pointer_exception_blob}
  0x00000001123f57bc: 2175 f197 | 0800 80d2 | e903 03aa 

  0x00000001123f57c8: ;   {runtime_call C1 Runtime throw_range_check_failed_blob}
  0x00000001123f57c8: 1e28 84d2 | be40 a2f2 | 3e00 c0f2 

  0x00000001123f57d4: ; ImmutableOopMap {rfp=Oop c_rarg3=Oop c_rarg0=Oop [176]=Oop [184]=Oop [264]=Oop }
                      ;*aaload {reexecute=0 rethrow=0 return_oop=0}
                      ; - jdk.internal.reflect.DirectMethodHandleAccessor::invokeImpl@54 (line 155)
                      ; - jdk.internal.reflect.DirectMethodHandleAccessor::invoke@23 (line 104)
  0x00000001123f57d4: c003 3fd6 

  0x00000001123f57d8: ; ImmutableOopMap {rfp=Oop c_rarg0=Oop c_rarg2=Oop [184]=Oop [256]=Oop [264]=Oop }
                      ;*invokevirtual type {reexecute=0 rethrow=0 return_oop=0}
                      ; - java.lang.invoke.Invokers::checkExactType@1 (line 531)
                      ; - java.lang.invoke.Invokers$Holder::invokeExact_MT@10
                      ; - jdk.internal.reflect.DirectMethodHandleAccessor::invokeImpl@55 (line 155)
                      ; - jdk.internal.reflect.DirectMethodHandleAccessor::invoke@23 (line 104)
                      ;   {runtime_call C1 Runtime throw_null_pointer_exception_blob}
  0x00000001123f57d8: 1a75 f197 

  0x00000001123f57dc: ; ImmutableOopMap {rfp=Oop c_rarg0=Oop c_rarg2=Oop [184]=Oop [256]=Oop [264]=Oop }
                      ;*getfield customized {reexecute=1 rethrow=0 return_oop=0}
                      ; - (reexecute) java.lang.invoke.Invokers::checkCustomized@12 (line 627)
                      ; - java.lang.invoke.Invokers$Holder::invokeExact_MT@14
                      ; - jdk.internal.reflect.DirectMethodHandleAccessor::invokeImpl@55 (line 155)
                      ; - jdk.internal.reflect.DirectMethodHandleAccessor::invoke@23 (line 104)
                      ;   {runtime_call C1 Runtime throw_null_pointer_exception_blob}
  0x00000001123f57dc: 1975 f197 

  0x00000001123f57e0: ; ImmutableOopMap {rfp=Oop c_rarg0=Oop [184]=Oop [272]=Oop }
                      ;*invokevirtual type {reexecute=0 rethrow=0 return_oop=0}
                      ; - java.lang.invoke.Invokers::checkExactType@1 (line 531)
                      ; - java.lang.invoke.Invokers$Holder::invokeExact_MT@10
                      ; - jdk.internal.reflect.DirectMethodHandleAccessor::invokeImpl@41 (line 154)
                      ; - jdk.internal.reflect.DirectMethodHandleAccessor::invoke@23 (line 104)
                      ;   {runtime_call C1 Runtime throw_null_pointer_exception_blob}
  0x00000001123f57e0: 1875 f197 

  0x00000001123f57e4: ; ImmutableOopMap {rfp=Oop c_rarg0=Oop [184]=Oop [272]=Oop }
                      ;*getfield customized {reexecute=1 rethrow=0 return_oop=0}
                      ; - (reexecute) java.lang.invoke.Invokers::checkCustomized@12 (line 627)
                      ; - java.lang.invoke.Invokers$Holder::invokeExact_MT@14
                      ; - jdk.internal.reflect.DirectMethodHandleAccessor::invokeImpl@41 (line 154)
                      ; - jdk.internal.reflect.DirectMethodHandleAccessor::invoke@23 (line 104)
                      ;   {runtime_call C1 Runtime throw_null_pointer_exception_blob}
  0x00000001123f57e4: 1775 f197 

  0x00000001123f57e8: ;   {internal_word}
  0x00000001123f57e8: 08d9 ff10 | 884f 02f9 

  0x00000001123f57f0: ;   {runtime_call SafepointBlob}
  0x00000001123f57f0: e47d ee17 

  0x00000001123f57f4: ;   {internal_word}
  0x00000001123f57f4: 28da ff10 | 884f 02f9 

  0x00000001123f57fc: ;   {runtime_call SafepointBlob}
  0x00000001123f57fc: e17d ee17 

  0x00000001123f5800: ;   {internal_word}
  0x00000001123f5800: 68db ff10 | 884f 02f9 

  0x00000001123f5808: ;   {runtime_call SafepointBlob}
  0x00000001123f5808: de7d ee17 

  0x00000001123f580c: ;   {internal_word}
  0x00000001123f580c: a8dc ff10 | 884f 02f9 

  0x00000001123f5814: ;   {runtime_call SafepointBlob}
  0x00000001123f5814: db7d ee17 

  0x00000001123f5818: ;   {internal_word}
  0x00000001123f5818: c8dd ff10 | 884f 02f9 

  0x00000001123f5820: ;   {runtime_call SafepointBlob}
  0x00000001123f5820: d87d ee17 

  0x00000001123f5824: ; ImmutableOopMap {rfp=Oop c_rarg0=Oop [184]=Oop [272]=Oop }
                      ;*athrow {reexecute=1 rethrow=0 return_oop=0}
                      ; - (reexecute) java.lang.invoke.Invokers::checkExactType@15 (line 533)
                      ; - java.lang.invoke.Invokers$Holder::invokeExact_MT@10
                      ; - jdk.internal.reflect.DirectMethodHandleAccessor::invokeImpl@41 (line 154)
                      ; - jdk.internal.reflect.DirectMethodHandleAccessor::invoke@23 (line 104)
                      ;   {runtime_call C1 Runtime throw_null_pointer_exception_blob}
  0x00000001123f5824: 0775 f197 

  0x00000001123f5828: ; ImmutableOopMap {rfp=Oop c_rarg0=Oop [184]=Oop [256]=Oop [264]=Oop }
                      ;*athrow {reexecute=1 rethrow=0 return_oop=0}
                      ; - (reexecute) java.lang.invoke.Invokers::checkExactType@15 (line 533)
                      ; - java.lang.invoke.Invokers$Holder::invokeExact_MT@10
                      ; - jdk.internal.reflect.DirectMethodHandleAccessor::invokeImpl@55 (line 155)
                      ; - jdk.internal.reflect.DirectMethodHandleAccessor::invoke@23 (line 104)
                      ;   {runtime_call C1 Runtime throw_null_pointer_exception_blob}
  0x00000001123f5828: 0675 f197 

  0x00000001123f582c: ; ImmutableOopMap {rfp=Oop c_rarg0=Oop [184]=Oop [232]=Oop [240]=Oop [248]=Oop }
                      ;*athrow {reexecute=1 rethrow=0 return_oop=0}
                      ; - (reexecute) java.lang.invoke.Invokers::checkExactType@15 (line 533)
                      ; - java.lang.invoke.LambdaForm$MH/0x000007ff01042400::invokeExact_MT@11
                      ; - jdk.internal.reflect.DirectMethodHandleAccessor::invokeImpl@72 (line 156)
                      ; - jdk.internal.reflect.DirectMethodHandleAccessor::invoke@23 (line 104)
                      ;   {runtime_call C1 Runtime throw_null_pointer_exception_blob}
  0x00000001123f582c: 0575 f197 

  0x00000001123f5830: ; ImmutableOopMap {rfp=Oop c_rarg0=Oop [184]=Oop [200]=Oop [208]=Oop [216]=Oop [224]=Oop }
                      ;*athrow {reexecute=1 rethrow=0 return_oop=0}
                      ; - (reexecute) java.lang.invoke.Invokers::checkExactType@15 (line 533)
                      ; - java.lang.invoke.LambdaForm$MH/0x000007ff012d0800::invokeExact_MT@11
                      ; - jdk.internal.reflect.DirectMethodHandleAccessor::invokeImpl@92 (line 157)
                      ; - jdk.internal.reflect.DirectMethodHandleAccessor::invoke@23 (line 104)
                      ;   {runtime_call C1 Runtime throw_null_pointer_exception_blob}
  0x00000001123f5830: 0475 f197 

  0x00000001123f5834: ; ImmutableOopMap {rfp=Oop c_rarg0=Oop [176]=Oop [184]=Oop [192]=Oop }
                      ;*athrow {reexecute=1 rethrow=0 return_oop=0}
                      ; - (reexecute) java.lang.invoke.Invokers::checkExactType@15 (line 533)
                      ; - java.lang.invoke.Invokers$Holder::invokeExact_MT@10
                      ; - jdk.internal.reflect.DirectMethodHandleAccessor::invokeImpl@104 (line 158)
                      ; - jdk.internal.reflect.DirectMethodHandleAccessor::invoke@23 (line 104)
                      ;   {runtime_call C1 Runtime throw_null_pointer_exception_blob}
  0x00000001123f5834: 0375 f197 

  0x00000001123f5838: ; ImmutableOopMap {}
                      ;*new {reexecute=0 rethrow=0 return_oop=0}
                      ; - jdk.internal.reflect.DirectMethodHandleAccessor::invoke@36 (line 108)
                      ;   {runtime_call C1 Runtime fast_new_instance_blob}
  0x00000001123f5838: 5276 f197 | 54ff ff17 

  0x00000001123f5840: ; ImmutableOopMap {rfp=Oop }
                      ;*new {reexecute=0 rethrow=0 return_oop=0}
                      ; - jdk.internal.reflect.DirectMethodHandleAccessor::invoke@46 (line 110)
                      ;   {runtime_call C1 Runtime throw_null_pointer_exception_blob}
  0x00000001123f5840: 0075 f197 

  0x00000001123f5844: ; ImmutableOopMap {rfp=Oop }
                      ;*new {reexecute=0 rethrow=0 return_oop=0}
                      ; - jdk.internal.reflect.DirectMethodHandleAccessor::invoke@46 (line 110)
                      ;   {runtime_call C1 Runtime fast_new_instance_init_check_blob}
  0x00000001123f5844: bf76 f197 | 71ff ff17 

  0x00000001123f584c: ; ImmutableOopMap {rfp=Oop }
                      ;*new {reexecute=0 rethrow=0 return_oop=0}
                      ; - jdk.internal.reflect.DirectMethodHandleAccessor::invoke@64 (line 114)
                      ;   {runtime_call C1 Runtime fast_new_instance_blob}
  0x00000001123f584c: 4d76 f197 | 89ff ff17 

  0x00000001123f5854: ; ImmutableOopMap {rfp=Oop }
                      ;*new {reexecute=0 rethrow=0 return_oop=0}
                      ; - jdk.internal.reflect.DirectMethodHandleAccessor::invoke@73 (line 116)
                      ;   {runtime_call C1 Runtime throw_null_pointer_exception_blob}
  0x00000001123f5854: fb74 f197 

  0x00000001123f5858: ; ImmutableOopMap {rfp=Oop }
                      ;*new {reexecute=0 rethrow=0 return_oop=0}
                      ; - jdk.internal.reflect.DirectMethodHandleAccessor::invoke@73 (line 116)
                      ;   {runtime_call C1 Runtime fast_new_instance_init_check_blob}
  0x00000001123f5858: ba76 f197 | a4ff ff17 

  0x00000001123f5860: ; ImmutableOopMap {c_rarg2=Oop }
                      ;*new {reexecute=0 rethrow=0 return_oop=0}
                      ; - jdk.internal.reflect.DirectMethodHandleAccessor::invoke@83 (line 119)
                      ;   {runtime_call C1 Runtime throw_null_pointer_exception_blob}
  0x00000001123f5860: f874 f197 

  0x00000001123f5864: ; ImmutableOopMap {c_rarg2=Oop }
                      ;*new {reexecute=0 rethrow=0 return_oop=0}
                      ; - jdk.internal.reflect.DirectMethodHandleAccessor::invoke@83 (line 119)
                      ;   {runtime_call C1 Runtime fast_new_instance_init_check_blob}
  0x00000001123f5864: b776 f197 | c3ff ff17 | 80a7 42f9 | 9fa7 02f9 | 9fab 02f9 | fd7b 52a9 | ffc3 0491 

  0x00000001123f5880: ;   {runtime_call C1 Runtime unwind_exception_blob}
  0x00000001123f5880: 7071 f117 | 0000 0000 
[Stub Code]
  0x00000001123f5888: ;   {static_stub}
  0x00000001123f5888: df3f 03d5 

  0x00000001123f588c: ;   {metadata(nullptr)}
  0x00000001123f588c: 0c00 80d2 | 0c00 a0f2 | 0c00 c0f2 | 0000 0014 

  0x00000001123f589c: ;   {static_stub}
  0x00000001123f589c: df3f 03d5 

  0x00000001123f58a0: ;   {metadata(nullptr)}
  0x00000001123f58a0: 0c00 80d2 | 0c00 a0f2 | 0c00 c0f2 | 0000 0014 

  0x00000001123f58b0: ;   {static_stub}
  0x00000001123f58b0: df3f 03d5 

  0x00000001123f58b4: ;   {metadata(nullptr)}
  0x00000001123f58b4: 0c00 80d2 | 0c00 a0f2 | 0c00 c0f2 | 0000 0014 

  0x00000001123f58c4: ;   {static_stub}
  0x00000001123f58c4: df3f 03d5 

  0x00000001123f58c8: ;   {metadata(nullptr)}
  0x00000001123f58c8: 0c00 80d2 | 0c00 a0f2 | 0c00 c0f2 | 0000 0014 

  0x00000001123f58d8: ;   {static_stub}
  0x00000001123f58d8: df3f 03d5 

  0x00000001123f58dc: ;   {metadata({method} {0x000000011c04c760} '<init>' '(Ljava/lang/Throwable;)V' in 'java/lang/reflect/InvocationTargetException')}
  0x00000001123f58dc: 0cec 98d2 | 8c80 a3f2 | 2c00 c0f2 | fa8f ee17 

  0x00000001123f58ec: ;   {static_stub}
  0x00000001123f58ec: df3f 03d5 

  0x00000001123f58f0: ;   {metadata(nullptr)}
  0x00000001123f58f0: 0c00 80d2 | 0c00 a0f2 | 0c00 c0f2 | 0000 0014 

  0x00000001123f5900: ;   {static_stub}
  0x00000001123f5900: df3f 03d5 

  0x00000001123f5904: ;   {metadata(nullptr)}
  0x00000001123f5904: 0c00 80d2 | 0c00 a0f2 | 0c00 c0f2 | 0000 0014 

  0x00000001123f5914: ;   {static_stub}
  0x00000001123f5914: df3f 03d5 

  0x00000001123f5918: ;   {metadata(nullptr)}
  0x00000001123f5918: 0c00 80d2 | 0c00 a0f2 | 0c00 c0f2 | 0000 0014 

  0x00000001123f5928: ;   {static_stub}
  0x00000001123f5928: df3f 03d5 

  0x00000001123f592c: ;   {metadata(nullptr)}
  0x00000001123f592c: 0c00 80d2 | 0c00 a0f2 | 0c00 c0f2 | 0000 0014 

  0x00000001123f593c: ;   {static_stub}
  0x00000001123f593c: df3f 03d5 

  0x00000001123f5940: ;   {metadata(nullptr)}
  0x00000001123f5940: 0c00 80d2 | 0c00 a0f2 | 0c00 c0f2 | 0000 0014 

  0x00000001123f5950: ;   {static_stub}
  0x00000001123f5950: df3f 03d5 

  0x00000001123f5954: ;   {metadata(nullptr)}
  0x00000001123f5954: 0c00 80d2 | 0c00 a0f2 | 0c00 c0f2 | 0000 0014 

  0x00000001123f5964: ;   {static_stub}
  0x00000001123f5964: df3f 03d5 

  0x00000001123f5968: ;   {metadata(nullptr)}
  0x00000001123f5968: 0c00 80d2 | 0c00 a0f2 | 0c00 c0f2 | 0000 0014 

  0x00000001123f5978: ;   {static_stub}
  0x00000001123f5978: df3f 03d5 

  0x00000001123f597c: ;   {metadata(nullptr)}
  0x00000001123f597c: 0c00 80d2 | 0c00 a0f2 | 0c00 c0f2 | 0000 0014 

  0x00000001123f598c: ;   {static_stub}
  0x00000001123f598c: df3f 03d5 

  0x00000001123f5990: ;   {metadata({method} {0x000007ff00467b48} 'checkReceiver' '(Ljava/lang/Object;)V' in 'jdk/internal/reflect/DirectMethodHandleAccessor')}
  0x00000001123f5990: 0c69 8fd2 | cc08 a0f2 | ecff c0f2 | cd8f ee17 

  0x00000001123f59a0: ;   {static_stub}
  0x00000001123f59a0: df3f 03d5 

  0x00000001123f59a4: ;   {metadata(nullptr)}
  0x00000001123f59a4: 0c00 80d2 | 0c00 a0f2 | 0c00 c0f2 | 0000 0014 
[Exception Handler]
  0x00000001123f59b4: ;   {runtime_call C1 Runtime handle_exception_from_callee_blob}
  0x00000001123f59b4: 0379 f197 

  0x00000001123f59b8: ;   {external_word}
  0x00000001123f59b8: 20cb 86d2 | 201b a1f2 | 2000 c0f2 | c1d5 bbd4 

  0x00000001123f59c8: ;   {runtime_call DeoptimizationBlob}
  0x00000001123f59c8: ee7d ee97 
[Deopt Handler Entry Point]
  0x00000001123f59cc: ffff ff17 
[/MachCode]


Compiled method (c1) 391838 13373       1       java.lang.reflect.Method::invoke (108 bytes)
 total in heap  [0x00000001124fff88,0x0000000112500348] = 960
 main code      [0x0000000112500080,0x00000001125002b0] = 560
 stub code      [0x00000001125002b0,0x0000000112500348] = 152
 mutable data [0x0000007aa1aded80,0x0000007aa1adee48] = 200
 relocation     [0x0000007aa1aded80,0x0000007aa1adee00] = 128
 metadata       [0x0000007aa1adee00,0x0000007aa1adee48] = 72
 immutable data [0x0000007aa13f8780,0x0000007aa13f88ac] = 300
 dependencies   [0x0000007aa13f8780,0x0000007aa13f8788] = 8
 nul chk table  [0x0000007aa13f8788,0x0000007aa13f8798] = 16
 scopes pcs     [0x0000007aa13f8798,0x0000007aa13f8828] = 144
 scopes data    [0x0000007aa13f8828,0x0000007aa13f88a8] = 128

[Constant Pool (empty)]


Loading hsdis library failed, undisassembled code is shown in MachCode section
[MachCode]
[Instructions begin]
  0x0000000112500080: 1f20 03d5 | 1f20 03d5 | 1f20 03d5 | 1f20 03d5 | 1f20 03d5 | 1f20 03d5 | 1f20 03d5 | 1f20 03d5 
  0x00000001125000a0: 1f20 03d5 | 1f20 03d5 | 1f20 03d5 
[Entry Point]
  # {method} {0x000007ff001b1e70} 'invoke' '(Ljava/lang/Object;[Ljava/lang/Object;)Ljava/lang/Object;' in 'java/lang/reflect/Method'
  # this:     c_rarg1:c_rarg1 
                        = 'java/lang/reflect/Method'
  # parm0:    c_rarg2:c_rarg2 
                        = 'java/lang/Object'
  # parm1:    c_rarg3:c_rarg3 
                        = '[Ljava/lang/Object;'
  #           [sp+0x80]  (sp of caller)
  0x00000001125000ac: 2808 40b9 | 2a09 40b9 | 1f01 0a6b | 4000 0054 

  0x00000001125000bc: ;   {runtime_call Shared Runtime ic_miss_blob}
  0x00000001125000bc: 914d ea17 
[Verified Entry Point]
  0x00000001125000c0: 1f20 03d5 | e953 40d1 | 3f01 00f9 | ff03 02d1 | fd7b 07a9 | 2801 0018 | 8923 40b9 | 1f01 09eb 
  0x00000001125000e0: e000 0054 

  0x00000001125000e4: ;   {runtime_call Stub::Stub Generator method_entry_barrier_stub}
  0x00000001125000e4: 08d8 85d2 | e83e a2f2 | 2800 c0f2 | 0001 3fd6 | 0200 0014 | 2100 0000 | fd03 01aa | e227 00f9 
  0x0000000112500104: e32b 00f9 | e103 1daa 

  0x000000011250010c: ; ImmutableOopMap {rfp=Oop [72]=Oop [80]=Oop }
                      ;*invokevirtual isCallerSensitive {reexecute=0 rethrow=0 return_oop=0}
                      ; - java.lang.reflect.Method::invoke@1 (line 546)
                      ;   {optimized virtual_call}
  0x000000011250010c: bd48 0294 

  0x0000000112500110: ;   {post_call_nop}
  0x0000000112500110: 1f20 03d5 | 1f31 80f2 | 1f00 80f2 | a133 4039 | 3f00 0071 | c000 0054 | 1f00 0071 | 8100 0054 
  0x0000000112500130: e603 1faa | e05b 00b9 | 0700 0014 | e05b 00b9 

  0x0000000112500140: ; ImmutableOopMap {rfp=Oop [72]=Oop [80]=Oop }
                      ;*invokestatic getCallerClass {reexecute=0 rethrow=0 return_oop=0}
                      ; - java.lang.reflect.Method::invoke@19 (line 549)
                      ;   {static_call}
  0x0000000112500140: 76d6 f597 

  0x0000000112500144: ;   {post_call_nop}
  0x0000000112500144: 1f20 03d5 | 9f37 80f2 | 1f20 80f2 | e603 00aa | a233 4039 | 5f00 0071 | 6000 0054 | e633 00f9 
  0x0000000112500164: 1900 0014 | a31f 40b9 | 4300 00b4 | 630f 038b | a553 40b9 | a200 1d12 | 5f00 0071 | e207 9f9a 
  0x0000000112500184: 4200 0012 | 5f00 0071 | 6000 0054 | e403 1faa | 0600 0014 | e227 40f9 

  0x000000011250019c: ; implicit exception: dispatches to 0x000000011250027c
  0x000000011250019c: 4408 40b9 | 8428 60d2 | 8438 40f9 | 8400 40f9 | e203 06aa | e103 1daa | e633 00f9 

  0x00000001125001b8: ; ImmutableOopMap {rfp=Oop [72]=Oop [80]=Oop [96]=Oop }
                      ;*invokevirtual checkAccess {reexecute=0 rethrow=0 return_oop=0}
                      ; - java.lang.reflect.Method::invoke@60 (line 556)
                      ;   {optimized virtual_call}
  0x00000001125001b8: 8223 fc97 

  0x00000001125001bc: ;   {post_call_nop}
  0x00000001125001bc: 1f20 03d5 | 9f46 80f2 | 1f40 80f2 | a14b 40b9 | 4100 00b4 | 610f 018b | e003 1faa | 3f00 00eb 
  0x00000001125001dc: e100 0054 | e103 1daa 

  0x00000001125001e4: ; ImmutableOopMap {[72]=Oop [80]=Oop [96]=Oop }
                      ;*invokevirtual acquireMethodAccessor {reexecute=0 rethrow=0 return_oop=0}
                      ; - java.lang.reflect.Method::invoke@75 (line 562)
                      ;   {optimized virtual_call}
  0x00000001125001e4: c74d ea97 

  0x00000001125001e8: ;   {post_call_nop}
  0x00000001125001e8: 1f20 03d5 | 1f4c 80f2 | 1f60 80f2 | e103 00aa | e05b 40b9 | 1f00 0071 | 2002 0054 | e633 40f9 
  0x0000000112500208: e28f 44a9 | e403 06aa | 0954 99d2 | 6937 b4f2 | 490f c0f2 

  0x000000011250021c: ; ImmutableOopMap {}
                      ;*invokeinterface invoke {reexecute=0 rethrow=0 return_oop=0}
                      ; - java.lang.reflect.Method::invoke@90 (line 565)
                      ;   {virtual_call}
  0x000000011250021c: 394e ea97 

  0x0000000112500220: ;   {post_call_nop}
  0x0000000112500220: 1f20 03d5 | 1f53 80f2 | 1f80 80f2 | fd7b 47a9 | ff03 0291 

  0x0000000112500234: ;   {poll_return}
  0x0000000112500234: 8817 40f9 | ff63 28eb | 2802 0054 | c003 5fd6 | e28f 44a9 | 0959 99d2 | 6937 b4f2 | 490f c0f2 
  0x0000000112500254: ; ImmutableOopMap {}
                      ;*invokeinterface invoke {reexecute=0 rethrow=0 return_oop=0}
                      ; - java.lang.reflect.Method::invoke@102 (line 565)
                      ;   {virtual_call}
  0x0000000112500254: 46d3 fb97 

  0x0000000112500258: ;   {post_call_nop}
  0x0000000112500258: 1f20 03d5 | 1f5a 80f2 | 1fa0 80f2 | fd7b 47a9 | ff03 0291 

  0x000000011250026c: ;   {poll_return}
  0x000000011250026c: 8817 40f9 | ff63 28eb | c800 0054 | c003 5fd6 

  0x000000011250027c: ; ImmutableOopMap {rfp=Oop c_rarg6=Oop c_rarg3=Oop c_rarg2=Oop [72]=Oop [80]=Oop }
                      ;*invokevirtual getClass {reexecute=0 rethrow=0 return_oop=0}
                      ; - java.lang.reflect.Method::invoke@53 (line 557)
                      ;   {runtime_call C1 Runtime throw_null_pointer_exception_blob}
  0x000000011250027c: 714a ed97 

  0x0000000112500280: ;   {internal_word}
  0x0000000112500280: a8fd ff10 | 884f 02f9 

  0x0000000112500288: ;   {runtime_call SafepointBlob}
  0x0000000112500288: 3e53 ea17 

  0x000000011250028c: ;   {internal_word}
  0x000000011250028c: 08ff ff10 | 884f 02f9 

  0x0000000112500294: ;   {runtime_call SafepointBlob}
  0x0000000112500294: 3b53 ea17 | 80a7 42f9 | 9fa7 02f9 | 9fab 02f9 | fd7b 47a9 | ff03 0291 

  0x00000001125002ac: ;   {runtime_call C1 Runtime unwind_exception_blob}
  0x00000001125002ac: e546 ed17 
[Stub Code]
  0x00000001125002b0: ;   {static_stub}
  0x00000001125002b0: df3f 03d5 

  0x00000001125002b4: ;   {metadata(nullptr)}
  0x00000001125002b4: 0c00 80d2 | 0c00 a0f2 | 0c00 c0f2 | 0000 0014 

  0x00000001125002c4: ;   {static_stub}
  0x00000001125002c4: df3f 03d5 

  0x00000001125002c8: ;   {metadata(nullptr)}
  0x00000001125002c8: 0c00 80d2 | 0c00 a0f2 | 0c00 c0f2 | 0000 0014 

  0x00000001125002d8: ;   {static_stub}
  0x00000001125002d8: df3f 03d5 

  0x00000001125002dc: ;   {metadata(nullptr)}
  0x00000001125002dc: 0c00 80d2 | 0c00 a0f2 | 0c00 c0f2 | 0000 0014 

  0x00000001125002ec: ;   {static_stub}
  0x00000001125002ec: df3f 03d5 

  0x00000001125002f0: ;   {metadata(nullptr)}
  0x00000001125002f0: 0c00 80d2 | 0c00 a0f2 | 0c00 c0f2 | 0000 0014 

  0x0000000112500300: ;   {static_stub}
  0x0000000112500300: df3f 03d5 

  0x0000000112500304: ;   {metadata(nullptr)}
  0x0000000112500304: 0c00 80d2 | 0c00 a0f2 | 0c00 c0f2 | 0000 0014 

  0x0000000112500314: ;   {static_stub}
  0x0000000112500314: df3f 03d5 

  0x0000000112500318: ;   {metadata(nullptr)}
  0x0000000112500318: 0c00 80d2 | 0c00 a0f2 | 0c00 c0f2 | 0000 0014 
[Exception Handler]
  0x0000000112500328: ;   {runtime_call C1 Runtime handle_exception_from_callee_blob}
  0x0000000112500328: a64e ed97 

  0x000000011250032c: ;   {external_word}
  0x000000011250032c: 20cb 86d2 | 201b a1f2 | 2000 c0f2 | c1d5 bbd4 

  0x000000011250033c: ;   {runtime_call DeoptimizationBlob}
  0x000000011250033c: 9153 ea97 
[Deopt Handler Entry Point]
  0x0000000112500340: ffff ff17 | 0000 0000 
[/MachCode]


---------------  P R O C E S S  ---------------

Threads class SMR info:
_java_thread_list=0x0000007a9f7e2840, length=37, elements={
0x0000007aa0870800, 0x0000007aa0871000, 0x0000007aa0871800, 0x0000007aa0872000,
0x0000007aa0872800, 0x0000007aa0c81e00, 0x0000007aa0873800, 0x0000007aa0cb5000,
0x0000007aa0cb4800, 0x0000007a9fb8d800, 0x0000007a9fb8e000, 0x0000007a9fb8f000,
0x0000007a9f416800, 0x0000007a9fb8f800, 0x0000007a9f474000, 0x0000007a9f474800,
0x0000007a9f475000, 0x0000007a9f475800, 0x0000007a9f476000, 0x0000007a9f476800,
0x0000007a9f477000, 0x0000007a9f477800, 0x0000007a9f480000, 0x0000007a9f481000,
0x0000007a9f483800, 0x0000007a9fa99800, 0x0000007a9fa9a800, 0x0000007a9fa98000,
0x0000007a9f3fd000, 0x0000007a9ec14000, 0x0000007a9ec17000, 0x0000007a9fb8c800,
0x0000007a9fb8c000, 0x0000007a9fa8e800, 0x0000007a9f483000, 0x0000007a9f482800,
0x0000007a9f919000
}

Java Threads: ( => current thread )
  0x0000007aa0870800 JavaThread "Reference Handler"          daemon [_thread_blocked, id=29443, stack(0x000000016ed2c000,0x000000016ef2f000) (2060K)]
  0x0000007aa0871000 JavaThread "Finalizer"                  daemon [_thread_blocked, id=28931, stack(0x000000016ef38000,0x000000016f13b000) (2060K)]
  0x0000007aa0871800 JavaThread "Signal Dispatcher"          daemon [_thread_blocked, id=25347, stack(0x000000016f144000,0x000000016f347000) (2060K)]
  0x0000007aa0872000 JavaThread "Service Thread"             daemon [_thread_blocked, id=28419, stack(0x000000016f350000,0x000000016f553000) (2060K)]
  0x0000007aa0872800 JavaThread "Monitor Deflation Thread"   daemon [_thread_blocked, id=25859, stack(0x000000016f55c000,0x000000016f75f000) (2060K)]
  0x0000007aa0c81e00 JavaThread "C1 CompilerThread0"         daemon [_thread_blocked, id=26115, stack(0x000000016f768000,0x000000016f96b000) (2060K)]
  0x0000007aa0873800 JavaThread "Common-Cleaner"             daemon [_thread_blocked, id=26883, stack(0x000000016fb80000,0x000000016fd83000) (2060K)]
  0x0000007aa0cb5000 JavaThread "Monitor Ctrl-Break"         daemon [_thread_in_native, id=43267, stack(0x000000016ff98000,0x000000017019b000) (2060K)]
  0x0000007aa0cb4800 JavaThread "Notification Thread"        daemon [_thread_blocked, id=43011, stack(0x00000001701a4000,0x00000001703a7000) (2060K)]
  0x0000007a9fb8d800 JavaThread "Catalina-utility-1"                [_thread_blocked, id=35587, stack(0x000000017161c000,0x000000017181f000) (2060K)]
  0x0000007a9fb8e000 JavaThread "Catalina-utility-2"                [_thread_blocked, id=35843, stack(0x0000000171828000,0x0000000171a2b000) (2060K)]
  0x0000007a9fb8f000 JavaThread "container-0"                       [_thread_blocked, id=39939, stack(0x0000000171a34000,0x0000000171c37000) (2060K)]
  0x0000007a9f416800 JavaThread "http-nio-8080-exec-1"       daemon [_thread_in_native, id=39427, stack(0x0000000171c40000,0x0000000171e43000) (2060K)]
  0x0000007a9fb8f800 JavaThread "http-nio-8080-exec-2"       daemon [_thread_in_native, id=38915, stack(0x0000000171e4c000,0x000000017204f000) (2060K)]
  0x0000007a9f474000 JavaThread "http-nio-8080-exec-3"       daemon [_thread_blocked, id=38659, stack(0x0000000172058000,0x000000017225b000) (2060K)]
=>0x0000007a9f474800 JavaThread "http-nio-8080-exec-4"       daemon [_thread_in_native, id=36611, stack(0x0000000172264000,0x0000000172467000) (2060K)]
  0x0000007a9f475000 JavaThread "http-nio-8080-exec-5"       daemon [_thread_in_native, id=37123, stack(0x0000000172470000,0x0000000172673000) (2060K)]
  0x0000007a9f475800 JavaThread "http-nio-8080-exec-6"       daemon [_thread_blocked, id=37379, stack(0x000000017267c000,0x000000017287f000) (2060K)]
  0x0000007a9f476000 JavaThread "http-nio-8080-exec-7"       daemon [_thread_blocked, id=37891, stack(0x0000000172888000,0x0000000172a8b000) (2060K)]
  0x0000007a9f476800 JavaThread "http-nio-8080-exec-8"       daemon [_thread_in_native, id=43779, stack(0x0000000172a94000,0x0000000172c97000) (2060K)]
  0x0000007a9f477000 JavaThread "http-nio-8080-exec-9"       daemon [_thread_in_native, id=44035, stack(0x0000000172ca0000,0x0000000172ea3000) (2060K)]
  0x0000007a9f477800 JavaThread "http-nio-8080-exec-10"      daemon [_thread_blocked, id=44291, stack(0x0000000172eac000,0x00000001730af000) (2060K)]
  0x0000007a9f480000 JavaThread "http-nio-8080-Poller"       daemon [_thread_in_native, id=44803, stack(0x00000001730b8000,0x00000001732bb000) (2060K)]
  0x0000007a9f481000 JavaThread "DestroyJavaVM"                     [_thread_blocked, id=5635, stack(0x000000016d9a8000,0x000000016dbab000) (2060K)]
  0x0000007a9f483800 JavaThread "InnocuousThread-1"          daemon [_thread_blocked, id=45571, stack(0x00000001736dc000,0x00000001738df000) (2060K)]
  0x0000007a9fa99800 JavaThread "task-14"                           [_thread_blocked, id=63107, stack(0x000000016f974000,0x000000016fb77000) (2060K)]
  0x0000007a9fa9a800 JavaThread "task-15"                           [_thread_blocked, id=46115, stack(0x00000001709d4000,0x0000000170bd7000) (2060K)]
  0x0000007a9fa98000 JavaThread "task-16"                           [_thread_blocked, id=64339, stack(0x0000000171204000,0x0000000171407000) (2060K)]
  0x0000007a9f3fd000 JavaThread "task-17"                           [_thread_blocked, id=45891, stack(0x00000001734d0000,0x00000001736d3000) (2060K)]
  0x0000007a9ec14000 JavaThread "task-18"                           [_thread_blocked, id=26771, stack(0x00000001738e8000,0x0000000173aeb000) (2060K)]
  0x0000007a9ec17000 JavaThread "task-19"                           [_thread_blocked, id=63259, stack(0x0000000173af4000,0x0000000173cf7000) (2060K)]
  0x0000007a9fb8c800 JavaThread "task-20"                           [_thread_blocked, id=40767, stack(0x0000000173d00000,0x0000000173f03000) (2060K)]
  0x0000007a9fb8c000 JavaThread "task-21"                           [_thread_blocked, id=47155, stack(0x0000000173f0c000,0x000000017410f000) (2060K)]
  0x0000007a9fa8e800 JavaThread "C1 CompilerThread1"         daemon [_thread_blocked, id=48159, stack(0x0000000174118000,0x000000017431b000) (2060K)]
  0x0000007a9f483000 JavaThread "SIGINT handler"             daemon [_thread_blocked, id=49411, stack(0x0000000174c70000,0x0000000174e73000) (2060K)]
  0x0000007a9f482800 JavaThread "SpringApplicationShutdownHook"        [_thread_blocked, id=49667, stack(0x0000000174e7c000,0x000000017507f000) (2060K)]
  0x0000007a9f919000 JavaThread "tomcat-shutdown"                   [_thread_blocked, id=59395, stack(0x00000001754a0000,0x00000001756a3000) (2060K)]
Total: 37

Other Threads:
  0x0000007aa0869c00 VMThread "VM Thread"                           [id=17923, stack(0x000000016ea08000,0x000000016ec0b000) (2060K)]
  0x0000007aa0869400 WatcherThread "VM Periodic Task Thread"        [id=19987, stack(0x000000016e7fc000,0x000000016e9ff000) (2060K)]
  0x0000000102bde6e0 WorkerThread "GC Thread#0"                     [id=13059, stack(0x000000016dbb4000,0x000000016ddb7000) (2060K)]
  0x0000007aa08e3800 WorkerThread "GC Thread#1"                     [id=27139, stack(0x000000016fd8c000,0x000000016ff8f000) (2060K)]
  0x0000007a9f91c000 WorkerThread "GC Thread#2"                     [id=33283, stack(0x00000001703b0000,0x00000001705b3000) (2060K)]
  0x0000007a9f91c400 WorkerThread "GC Thread#3"                     [id=33795, stack(0x00000001705bc000,0x00000001707bf000) (2060K)]
  0x0000007a9f91f400 WorkerThread "GC Thread#4"                     [id=42499, stack(0x00000001707c8000,0x00000001709cb000) (2060K)]
  0x0000007a9fc6d000 WorkerThread "GC Thread#5"                     [id=41731, stack(0x0000000170be0000,0x0000000170de3000) (2060K)]
  0x0000007a9fc6d800 WorkerThread "GC Thread#6"                     [id=34563, stack(0x0000000170dec000,0x0000000170fef000) (2060K)]
  0x0000007a9faa0000 WorkerThread "GC Thread#7"                     [id=41219, stack(0x0000000170ff8000,0x00000001711fb000) (2060K)]
  0x0000000102bdfa80 ConcurrentGCThread "G1 Main Marker"            [id=13571, stack(0x000000016ddc0000,0x000000016dfc3000) (2060K)]
  0x0000000102be04b0 WorkerThread "G1 Conc#0"                       [id=14595, stack(0x000000016dfcc000,0x000000016e1cf000) (2060K)]
  0x0000007a9fce9c00 WorkerThread "G1 Conc#1"                       [id=40451, stack(0x0000000171410000,0x0000000171613000) (2060K)]
  0x0000007aa0868800 WorkerThread "G1 Refinement Workers#0"         [id=20739, stack(0x000000016e3e4000,0x000000016e5e7000) (2060K)]
  0x0000000102be2770 ConcurrentGCThread "G1 Refine Control"         [id=16387, stack(0x000000016e1d8000,0x000000016e3db000) (2060K)]
  0x0000000102be2ff0 ConcurrentGCThread "G1 Service"                [id=16643, stack(0x000000016e5f0000,0x000000016e7f3000) (2060K)]
Total: 16

Threads with active compile tasks:
Total: 0

VM state: not at safepoint (normal execution)

VM Mutex/Monitor currently owned by a thread: None

Heap address: 0x0000007000800000, size: 4096 MB, Compressed Oops mode: Non-zero disjoint base: 0x0000007000000000, Oop shift amount: 3

CDS archive(s) mapped at: [0x000007ff00000000-0x000007ff00dac000-0x000007ff00dac000), size 14336000, SharedBaseAddress: 0x000007ff00000000, ArchiveRelocationMode: 1.
Compressed class space mapped at: 0x000007ff01000000-0x000007ff41000000, reserved size: 1073741824
UseCompressedClassPointers 1, UseCompactObjectHeaders 0
Narrow klass pointer bits 32, Max shift 3
Narrow klass base: 0x000007ff00000000, Narrow klass shift: 0
Encoding Range: [0x000007ff00000000 - 0x0000080000000000), (4294967296 bytes)
Klass Range:    [0x000007ff00000000 - 0x000007ff41000000), (1090519040 bytes)
Klass ID Range:  [8 - 1090519033) (1090519025)
Protection zone: [0x000007ff00000000 - 0x000007ff00004000), (16384 bytes)

GC Precious Log:
 CardTable entry size: 512
 Card Set container configuration: InlinePtr #cards 4 size 8 Array Of Cards #cards 16 size 48 Howl #buckets 8 coarsen threshold 3686 Howl Bitmap #cards 512 size 80 coarsen threshold 460 Card regions per heap region 1 cards per card region 4096
 CPUs: 8 total, 8 available
 Memory: 16384M
 Large Page Support: Disabled
 NUMA Support: Disabled
 Compressed Oops: Enabled (Non-zero disjoint base)
 Heap Region Size: 2M
 Heap Min Capacity: 8M
 Heap Initial Capacity: 8M
 Heap Max Capacity: 4G
 Pre-touch: Disabled
 Parallel Workers: 8
 Concurrent Workers: 2
 Concurrent Refinement Workers: 8
 Periodic GC: Disabled

Heap:
 garbage-first heap   total reserved 4194304K, committed 962560K, used 856855K [0x0000007000800000, 0x0000007100800000)
  region size 2M, 36 eden (72M), 9 survivor (18M), 189 old (378M), 188 humongous (376M), 48 free (96M)

Heap Regions: E=young(eden), S=young(survivor), O=old, HS=humongous(starts), HC=humongous(continues), CS=collection set, F=free, TAMS=top-at-mark-start, PB=parsable bottom
|    0|0x0000007000800000, 0x0000007000a00000, 0x0000007000a00000|100%| O|  |TAMS 0x0000007000800000| PB 0x0000007000800000| Untracked |  0
|    1|0x0000007000a00000, 0x0000007000c00000, 0x0000007000c00000|100%| O|  |TAMS 0x0000007000a00000| PB 0x0000007000a00000| Untracked |  0
|    2|0x0000007000c00000, 0x0000007000e00000, 0x0000007000e00000|100%| O|  |TAMS 0x0000007000c00000| PB 0x0000007000c00000| Untracked |  0
|    3|0x0000007000e00000, 0x0000007001000000, 0x0000007001000000|100%| O|  |TAMS 0x0000007000e00000| PB 0x0000007000e00000| Untracked |  0
|    4|0x0000007001000000, 0x0000007001200000, 0x0000007001200000|100%| O|  |TAMS 0x0000007001000000| PB 0x0000007001000000| Untracked |  0
|    5|0x0000007001200000, 0x0000007001400000, 0x0000007001400000|100%| O|  |TAMS 0x0000007001200000| PB 0x0000007001200000| Untracked |  0
|    6|0x0000007001400000, 0x0000007001600000, 0x0000007001600000|100%| O|  |TAMS 0x0000007001400000| PB 0x0000007001400000| Untracked |  0
|    7|0x0000007001600000, 0x0000007001800000, 0x0000007001800000|100%| O|Cm|TAMS 0x0000007001600000| PB 0x0000007001600000| Complete  |  0
|    8|0x0000007001800000, 0x0000007001a00000, 0x0000007001a00000|100%| O|  |TAMS 0x0000007001800000| PB 0x0000007001800000| Untracked |  0
|    9|0x0000007001a00000, 0x0000007001c00000, 0x0000007001c00000|100%| O|  |TAMS 0x0000007001a00000| PB 0x0000007001a00000| Untracked |  0
|   10|0x0000007001c00000, 0x0000007001e00000, 0x0000007001e00000|100%| O|  |TAMS 0x0000007001c00000| PB 0x0000007001c00000| Untracked |  0
|   11|0x0000007001e00000, 0x0000007002000000, 0x0000007002000000|100%|HS|  |TAMS 0x0000007001e00000| PB 0x0000007001e00000| Complete  |  0
|   12|0x0000007002000000, 0x0000007002200000, 0x0000007002200000|100%| O|  |TAMS 0x0000007002000000| PB 0x0000007002000000| Untracked |  0
|   13|0x0000007002200000, 0x0000007002400000, 0x0000007002400000|100%| O|  |TAMS 0x0000007002200000| PB 0x0000007002200000| Untracked |  0
|   14|0x0000007002400000, 0x0000007002600000, 0x0000007002600000|100%| O|  |TAMS 0x0000007002400000| PB 0x0000007002400000| Untracked |  0
|   15|0x0000007002600000, 0x0000007002800000, 0x0000007002800000|100%| O|  |TAMS 0x0000007002600000| PB 0x0000007002600000| Untracked |  0
|   16|0x0000007002800000, 0x0000007002a00000, 0x0000007002a00000|100%| O|  |TAMS 0x0000007002800000| PB 0x0000007002800000| Untracked |  0
|   17|0x0000007002a00000, 0x0000007002c00000, 0x0000007002c00000|100%| O|  |TAMS 0x0000007002a00000| PB 0x0000007002a00000| Untracked |  0
|   18|0x0000007002c00000, 0x0000007002e00000, 0x0000007002e00000|100%| O|  |TAMS 0x0000007002c00000| PB 0x0000007002c00000| Untracked |  0
|   19|0x0000007002e00000, 0x0000007003000000, 0x0000007003000000|100%| O|  |TAMS 0x0000007002e00000| PB 0x0000007002e00000| Untracked |  0
|   20|0x0000007003000000, 0x0000007003000000, 0x0000007003200000|  0%| F|  |TAMS 0x0000007003000000| PB 0x0000007003000000| Untracked |  0
|   21|0x0000007003200000, 0x0000007003200000, 0x0000007003400000|  0%| F|  |TAMS 0x0000007003200000| PB 0x0000007003200000| Untracked |  0
|   22|0x0000007003400000, 0x0000007003600000, 0x0000007003600000|100%| O|  |TAMS 0x0000007003400000| PB 0x0000007003400000| Untracked |  0
|   23|0x0000007003600000, 0x0000007003800000, 0x0000007003800000|100%| O|  |TAMS 0x0000007003600000| PB 0x0000007003600000| Untracked |  0
|   24|0x0000007003800000, 0x0000007003a00000, 0x0000007003a00000|100%| O|  |TAMS 0x0000007003800000| PB 0x0000007003800000| Untracked |  0
|   25|0x0000007003a00000, 0x0000007003c00000, 0x0000007003c00000|100%| O|  |TAMS 0x0000007003a00000| PB 0x0000007003a00000| Untracked |  0
|   26|0x0000007003c00000, 0x0000007003e00000, 0x0000007003e00000|100%| O|  |TAMS 0x0000007003c00000| PB 0x0000007003c00000| Untracked |  0
|   27|0x0000007003e00000, 0x0000007004000000, 0x0000007004000000|100%| O|  |TAMS 0x0000007003e00000| PB 0x0000007003e00000| Untracked |  0
|   28|0x0000007004000000, 0x0000007004200000, 0x0000007004200000|100%| O|  |TAMS 0x0000007004000000| PB 0x0000007004000000| Untracked |  0
|   29|0x0000007004200000, 0x0000007004400000, 0x0000007004400000|100%| O|  |TAMS 0x0000007004200000| PB 0x0000007004200000| Untracked |  0
|   30|0x0000007004400000, 0x0000007004600000, 0x0000007004600000|100%| O|  |TAMS 0x0000007004400000| PB 0x0000007004400000| Untracked |  0
|   31|0x0000007004600000, 0x000000700461f948, 0x0000007004800000|  6%| O|  |TAMS 0x0000007004600000| PB 0x0000007004600000| Untracked |  0
|   32|0x0000007004800000, 0x0000007004800000, 0x0000007004a00000|  0%| F|  |TAMS 0x0000007004800000| PB 0x0000007004800000| Untracked |  0
|   33|0x0000007004a00000, 0x0000007004c00000, 0x0000007004c00000|100%| O|  |TAMS 0x0000007004a00000| PB 0x0000007004a00000| Untracked |  0
|   34|0x0000007004c00000, 0x0000007004c00000, 0x0000007004e00000|  0%| F|  |TAMS 0x0000007004c00000| PB 0x0000007004c00000| Untracked |  0
|   35|0x0000007004e00000, 0x0000007004e00000, 0x0000007005000000|  0%| F|  |TAMS 0x0000007004e00000| PB 0x0000007004e00000| Untracked |  0
|   36|0x0000007005000000, 0x0000007005000000, 0x0000007005200000|  0%| F|  |TAMS 0x0000007005000000| PB 0x0000007005000000| Untracked |  0
|   37|0x0000007005200000, 0x0000007005200000, 0x0000007005400000|  0%| F|  |TAMS 0x0000007005200000| PB 0x0000007005200000| Untracked |  0
|   38|0x0000007005400000, 0x0000007005400000, 0x0000007005600000|  0%| F|  |TAMS 0x0000007005400000| PB 0x0000007005400000| Untracked |  0
|   39|0x0000007005600000, 0x0000007005600000, 0x0000007005800000|  0%| F|  |TAMS 0x0000007005600000| PB 0x0000007005600000| Untracked |  0
|   40|0x0000007005800000, 0x0000007005a00000, 0x0000007005a00000|100%| O|  |TAMS 0x0000007005800000| PB 0x0000007005800000| Untracked |  0
|   41|0x0000007005a00000, 0x0000007005c00000, 0x0000007005c00000|100%| O|  |TAMS 0x0000007005a00000| PB 0x0000007005a00000| Untracked |  0
|   42|0x0000007005c00000, 0x0000007005c00000, 0x0000007005e00000|  0%| F|  |TAMS 0x0000007005c00000| PB 0x0000007005c00000| Untracked |  0
|   43|0x0000007005e00000, 0x0000007005e00000, 0x0000007006000000|  0%| F|  |TAMS 0x0000007005e00000| PB 0x0000007005e00000| Untracked |  0
|   44|0x0000007006000000, 0x0000007006000000, 0x0000007006200000|  0%| F|  |TAMS 0x0000007006000000| PB 0x0000007006000000| Untracked |  0
|   45|0x0000007006200000, 0x0000007006200000, 0x0000007006400000|  0%| F|  |TAMS 0x0000007006200000| PB 0x0000007006200000| Untracked |  0
|   46|0x0000007006400000, 0x0000007006600000, 0x0000007006600000|100%| O|  |TAMS 0x0000007006400000| PB 0x0000007006400000| Untracked |  0
|   47|0x0000007006600000, 0x0000007006800000, 0x0000007006800000|100%| O|  |TAMS 0x0000007006600000| PB 0x0000007006600000| Untracked |  0
|   48|0x0000007006800000, 0x0000007006a00000, 0x0000007006a00000|100%| O|  |TAMS 0x0000007006800000| PB 0x0000007006800000| Untracked |  0
|   49|0x0000007006a00000, 0x0000007006c00000, 0x0000007006c00000|100%| O|  |TAMS 0x0000007006a00000| PB 0x0000007006a00000| Untracked |  0
|   50|0x0000007006c00000, 0x0000007006e00000, 0x0000007006e00000|100%| O|  |TAMS 0x0000007006c00000| PB 0x0000007006c00000| Untracked |  0
|   51|0x0000007006e00000, 0x0000007007000000, 0x0000007007000000|100%| O|  |TAMS 0x0000007006e00000| PB 0x0000007006e00000| Untracked |  0
|   52|0x0000007007000000, 0x0000007007200000, 0x0000007007200000|100%| O|  |TAMS 0x0000007007000000| PB 0x0000007007000000| Untracked |  0
|   53|0x0000007007200000, 0x0000007007400000, 0x0000007007400000|100%| O|  |TAMS 0x0000007007200000| PB 0x0000007007200000| Untracked |  0
|   54|0x0000007007400000, 0x0000007007600000, 0x0000007007600000|100%| O|  |TAMS 0x0000007007400000| PB 0x0000007007400000| Untracked |  1
|   55|0x0000007007600000, 0x0000007007800000, 0x0000007007800000|100%|HS|  |TAMS 0x0000007007600000| PB 0x0000007007600000| Complete  |  0
|   56|0x0000007007800000, 0x0000007007a00000, 0x0000007007a00000|100%| O|  |TAMS 0x0000007007800000| PB 0x0000007007800000| Untracked |  0
|   57|0x0000007007a00000, 0x0000007007c00000, 0x0000007007c00000|100%| O|  |TAMS 0x0000007007a00000| PB 0x0000007007a00000| Untracked |  0
|   58|0x0000007007c00000, 0x0000007007e00000, 0x0000007007e00000|100%| O|  |TAMS 0x0000007007c00000| PB 0x0000007007c00000| Untracked |  0
|   59|0x0000007007e00000, 0x0000007008000000, 0x0000007008000000|100%| O|  |TAMS 0x0000007007e00000| PB 0x0000007007e00000| Untracked |  0
|   60|0x0000007008000000, 0x0000007008200000, 0x0000007008200000|100%| O|  |TAMS 0x0000007008000000| PB 0x0000007008000000| Untracked |  0
|   61|0x0000007008200000, 0x0000007008400000, 0x0000007008400000|100%| O|  |TAMS 0x0000007008200000| PB 0x0000007008200000| Untracked |  0
|   62|0x0000007008400000, 0x0000007008600000, 0x0000007008600000|100%| O|  |TAMS 0x0000007008400000| PB 0x0000007008400000| Untracked |  0
|   63|0x0000007008600000, 0x0000007008800000, 0x0000007008800000|100%| O|  |TAMS 0x0000007008600000| PB 0x0000007008600000| Untracked |  0
|   64|0x0000007008800000, 0x0000007008a00000, 0x0000007008a00000|100%| O|  |TAMS 0x0000007008800000| PB 0x0000007008800000| Untracked |  0
|   65|0x0000007008a00000, 0x0000007008c00000, 0x0000007008c00000|100%| O|  |TAMS 0x0000007008a00000| PB 0x0000007008a00000| Untracked |  0
|   66|0x0000007008c00000, 0x0000007008e00000, 0x0000007008e00000|100%| O|  |TAMS 0x0000007008c00000| PB 0x0000007008c00000| Untracked |  0
|   67|0x0000007008e00000, 0x0000007009000000, 0x0000007009000000|100%| O|  |TAMS 0x0000007008e00000| PB 0x0000007008e00000| Untracked |  0
|   68|0x0000007009000000, 0x0000007009200000, 0x0000007009200000|100%| O|  |TAMS 0x0000007009000000| PB 0x0000007009000000| Untracked |  0
|   69|0x0000007009200000, 0x0000007009400000, 0x0000007009400000|100%| O|  |TAMS 0x0000007009200000| PB 0x0000007009200000| Untracked |  0
|   70|0x0000007009400000, 0x0000007009600000, 0x0000007009600000|100%| O|  |TAMS 0x0000007009400000| PB 0x0000007009400000| Untracked |  0
|   71|0x0000007009600000, 0x0000007009800000, 0x0000007009800000|100%| O|  |TAMS 0x0000007009600000| PB 0x0000007009600000| Untracked |  0
|   72|0x0000007009800000, 0x0000007009a00000, 0x0000007009a00000|100%| O|  |TAMS 0x0000007009800000| PB 0x0000007009800000| Untracked |  0
|   73|0x0000007009a00000, 0x0000007009c00000, 0x0000007009c00000|100%| O|Cm|TAMS 0x0000007009a00000| PB 0x0000007009a00000| Complete  |  0
|   74|0x0000007009c00000, 0x0000007009e00000, 0x0000007009e00000|100%| O|  |TAMS 0x0000007009c00000| PB 0x0000007009c00000| Untracked |  0
|   75|0x0000007009e00000, 0x000000700a000000, 0x000000700a000000|100%| O|  |TAMS 0x0000007009e00000| PB 0x0000007009e00000| Untracked |  0
|   76|0x000000700a000000, 0x000000700a200000, 0x000000700a200000|100%| O|  |TAMS 0x000000700a000000| PB 0x000000700a000000| Untracked |  0
|   77|0x000000700a200000, 0x000000700a400000, 0x000000700a400000|100%| O|  |TAMS 0x000000700a200000| PB 0x000000700a200000| Untracked |  0
|   78|0x000000700a400000, 0x000000700a600000, 0x000000700a600000|100%| O|  |TAMS 0x000000700a400000| PB 0x000000700a400000| Untracked |  0
|   79|0x000000700a600000, 0x000000700a800000, 0x000000700a800000|100%| O|  |TAMS 0x000000700a600000| PB 0x000000700a600000| Untracked |  0
|   80|0x000000700a800000, 0x000000700aa00000, 0x000000700aa00000|100%| O|  |TAMS 0x000000700a800000| PB 0x000000700a800000| Untracked |  0
|   81|0x000000700aa00000, 0x000000700ac00000, 0x000000700ac00000|100%| O|  |TAMS 0x000000700aa00000| PB 0x000000700aa00000| Untracked |  0
|   82|0x000000700ac00000, 0x000000700ae00000, 0x000000700ae00000|100%| O|  |TAMS 0x000000700ac00000| PB 0x000000700ac00000| Untracked |  0
|   83|0x000000700ae00000, 0x000000700b000000, 0x000000700b000000|100%| O|  |TAMS 0x000000700ae00000| PB 0x000000700ae00000| Untracked |  0
|   84|0x000000700b000000, 0x000000700b200000, 0x000000700b200000|100%| O|  |TAMS 0x000000700b000000| PB 0x000000700b000000| Untracked |  0
|   85|0x000000700b200000, 0x000000700b400000, 0x000000700b400000|100%| O|  |TAMS 0x000000700b200000| PB 0x000000700b200000| Untracked |  0
|   86|0x000000700b400000, 0x000000700b600000, 0x000000700b600000|100%| O|  |TAMS 0x000000700b400000| PB 0x000000700b400000| Untracked |  0
|   87|0x000000700b600000, 0x000000700b800000, 0x000000700b800000|100%| O|  |TAMS 0x000000700b600000| PB 0x000000700b600000| Untracked |  0
|   88|0x000000700b800000, 0x000000700ba00000, 0x000000700ba00000|100%| O|  |TAMS 0x000000700b800000| PB 0x000000700b800000| Untracked |  0
|   89|0x000000700ba00000, 0x000000700bc00000, 0x000000700bc00000|100%| O|  |TAMS 0x000000700ba00000| PB 0x000000700ba00000| Untracked |  0
|   90|0x000000700bc00000, 0x000000700be00000, 0x000000700be00000|100%| O|  |TAMS 0x000000700bc00000| PB 0x000000700bc00000| Untracked |  0
|   91|0x000000700be00000, 0x000000700c000000, 0x000000700c000000|100%| O|  |TAMS 0x000000700be00000| PB 0x000000700be00000| Untracked |  0
|   92|0x000000700c000000, 0x000000700c200000, 0x000000700c200000|100%| O|  |TAMS 0x000000700c000000| PB 0x000000700c000000| Untracked |  0
|   93|0x000000700c200000, 0x000000700c400000, 0x000000700c400000|100%| O|  |TAMS 0x000000700c200000| PB 0x000000700c200000| Untracked |  0
|   94|0x000000700c400000, 0x000000700c600000, 0x000000700c600000|100%| O|  |TAMS 0x000000700c400000| PB 0x000000700c400000| Untracked |  0
|   95|0x000000700c600000, 0x000000700c800000, 0x000000700c800000|100%| O|  |TAMS 0x000000700c600000| PB 0x000000700c600000| Untracked |  0
|   96|0x000000700c800000, 0x000000700ca00000, 0x000000700ca00000|100%| O|  |TAMS 0x000000700c800000| PB 0x000000700c800000| Untracked |  0
|   97|0x000000700ca00000, 0x000000700cc00000, 0x000000700cc00000|100%| O|  |TAMS 0x000000700ca00000| PB 0x000000700ca00000| Untracked |  0
|   98|0x000000700cc00000, 0x000000700ce00000, 0x000000700ce00000|100%| O|  |TAMS 0x000000700cc00000| PB 0x000000700cc00000| Untracked |  0
|   99|0x000000700ce00000, 0x000000700d000000, 0x000000700d000000|100%| O|  |TAMS 0x000000700ce00000| PB 0x000000700ce00000| Untracked |  0
|  100|0x000000700d000000, 0x000000700d200000, 0x000000700d200000|100%| O|  |TAMS 0x000000700d000000| PB 0x000000700d000000| Untracked |  0
|  101|0x000000700d200000, 0x000000700d400000, 0x000000700d400000|100%| O|  |TAMS 0x000000700d200000| PB 0x000000700d200000| Untracked |  0
|  102|0x000000700d400000, 0x000000700d600000, 0x000000700d600000|100%| O|  |TAMS 0x000000700d400000| PB 0x000000700d400000| Untracked |  0
|  103|0x000000700d600000, 0x000000700d800000, 0x000000700d800000|100%| O|  |TAMS 0x000000700d600000| PB 0x000000700d600000| Untracked |  0
|  104|0x000000700d800000, 0x000000700da00000, 0x000000700da00000|100%| O|  |TAMS 0x000000700d800000| PB 0x000000700d800000| Untracked |  0
|  105|0x000000700da00000, 0x000000700dc00000, 0x000000700dc00000|100%| O|  |TAMS 0x000000700da00000| PB 0x000000700da00000| Untracked |  0
|  106|0x000000700dc00000, 0x000000700de00000, 0x000000700de00000|100%| O|  |TAMS 0x000000700dc00000| PB 0x000000700dc00000| Untracked |  0
|  107|0x000000700de00000, 0x000000700e000000, 0x000000700e000000|100%| O|  |TAMS 0x000000700de00000| PB 0x000000700de00000| Untracked |  0
|  108|0x000000700e000000, 0x000000700e200000, 0x000000700e200000|100%| O|  |TAMS 0x000000700e000000| PB 0x000000700e000000| Untracked |  0
|  109|0x000000700e200000, 0x000000700e400000, 0x000000700e400000|100%| O|  |TAMS 0x000000700e200000| PB 0x000000700e200000| Untracked |  0
|  110|0x000000700e400000, 0x000000700e600000, 0x000000700e600000|100%| O|  |TAMS 0x000000700e400000| PB 0x000000700e400000| Untracked |  0
|  111|0x000000700e600000, 0x000000700e800000, 0x000000700e800000|100%| O|  |TAMS 0x000000700e600000| PB 0x000000700e600000| Untracked |  0
|  112|0x000000700e800000, 0x000000700ea00000, 0x000000700ea00000|100%| O|  |TAMS 0x000000700e800000| PB 0x000000700e800000| Untracked |  0
|  113|0x000000700ea00000, 0x000000700ec00000, 0x000000700ec00000|100%| O|  |TAMS 0x000000700ea00000| PB 0x000000700ea00000| Untracked |  0
|  114|0x000000700ec00000, 0x000000700ee00000, 0x000000700ee00000|100%| O|  |TAMS 0x000000700ec00000| PB 0x000000700ec00000| Untracked |  0
|  115|0x000000700ee00000, 0x000000700f000000, 0x000000700f000000|100%| O|  |TAMS 0x000000700ee00000| PB 0x000000700ee00000| Untracked |  0
|  116|0x000000700f000000, 0x000000700f200000, 0x000000700f200000|100%| O|  |TAMS 0x000000700f000000| PB 0x000000700f000000| Untracked |  0
|  117|0x000000700f200000, 0x000000700f400000, 0x000000700f400000|100%| O|  |TAMS 0x000000700f200000| PB 0x000000700f200000| Untracked |  0
|  118|0x000000700f400000, 0x000000700f600000, 0x000000700f600000|100%| O|  |TAMS 0x000000700f400000| PB 0x000000700f400000| Untracked |  0
|  119|0x000000700f600000, 0x000000700f800000, 0x000000700f800000|100%| O|  |TAMS 0x000000700f600000| PB 0x000000700f600000| Untracked |  0
|  120|0x000000700f800000, 0x000000700fa00000, 0x000000700fa00000|100%| O|  |TAMS 0x000000700f800000| PB 0x000000700f800000| Untracked |  0
|  121|0x000000700fa00000, 0x000000700fc00000, 0x000000700fc00000|100%| O|  |TAMS 0x000000700fa00000| PB 0x000000700fa00000| Untracked |  0
|  122|0x000000700fc00000, 0x000000700fe00000, 0x000000700fe00000|100%| O|  |TAMS 0x000000700fc00000| PB 0x000000700fc00000| Untracked |  0
|  123|0x000000700fe00000, 0x0000007010000000, 0x0000007010000000|100%| O|  |TAMS 0x000000700fe00000| PB 0x000000700fe00000| Untracked |  0
|  124|0x0000007010000000, 0x0000007010200000, 0x0000007010200000|100%| O|  |TAMS 0x0000007010000000| PB 0x0000007010000000| Untracked |  0
|  125|0x0000007010200000, 0x0000007010400000, 0x0000007010400000|100%| O|  |TAMS 0x0000007010200000| PB 0x0000007010200000| Untracked |  0
|  126|0x0000007010400000, 0x0000007010600000, 0x0000007010600000|100%| O|  |TAMS 0x0000007010400000| PB 0x0000007010400000| Untracked |  0
|  127|0x0000007010600000, 0x0000007010800000, 0x0000007010800000|100%| O|  |TAMS 0x0000007010600000| PB 0x0000007010600000| Untracked |  0
|  128|0x0000007010800000, 0x0000007010a00000, 0x0000007010a00000|100%| O|  |TAMS 0x0000007010800000| PB 0x0000007010800000| Untracked |  0
|  129|0x0000007010a00000, 0x0000007010c00000, 0x0000007010c00000|100%| O|  |TAMS 0x0000007010a00000| PB 0x0000007010a00000| Untracked |  0
|  130|0x0000007010c00000, 0x0000007010e00000, 0x0000007010e00000|100%| O|  |TAMS 0x0000007010c00000| PB 0x0000007010c00000| Untracked |  0
|  131|0x0000007010e00000, 0x0000007011000000, 0x0000007011000000|100%| O|  |TAMS 0x0000007010e00000| PB 0x0000007010e00000| Untracked |  0
|  132|0x0000007011000000, 0x0000007011200000, 0x0000007011200000|100%| O|  |TAMS 0x0000007011000000| PB 0x0000007011000000| Untracked |  0
|  133|0x0000007011200000, 0x0000007011400000, 0x0000007011400000|100%| O|  |TAMS 0x0000007011200000| PB 0x0000007011200000| Untracked |  0
|  134|0x0000007011400000, 0x0000007011600000, 0x0000007011600000|100%| O|  |TAMS 0x0000007011400000| PB 0x0000007011400000| Untracked |  0
|  135|0x0000007011600000, 0x0000007011800000, 0x0000007011800000|100%| O|  |TAMS 0x0000007011600000| PB 0x0000007011600000| Untracked |  0
|  136|0x0000007011800000, 0x0000007011a00000, 0x0000007011a00000|100%| O|  |TAMS 0x0000007011800000| PB 0x0000007011800000| Untracked |  0
|  137|0x0000007011a00000, 0x0000007011c00000, 0x0000007011c00000|100%| O|  |TAMS 0x0000007011a00000| PB 0x0000007011a00000| Untracked |  0
|  138|0x0000007011c00000, 0x0000007011e00000, 0x0000007011e00000|100%| O|  |TAMS 0x0000007011c00000| PB 0x0000007011c00000| Untracked |  0
|  139|0x0000007011e00000, 0x0000007012000000, 0x0000007012000000|100%| O|  |TAMS 0x0000007011e00000| PB 0x0000007011e00000| Untracked |  0
|  140|0x0000007012000000, 0x0000007012200000, 0x0000007012200000|100%| O|  |TAMS 0x0000007012000000| PB 0x0000007012000000| Untracked |  0
|  141|0x0000007012200000, 0x0000007012400000, 0x0000007012400000|100%| O|  |TAMS 0x0000007012200000| PB 0x0000007012200000| Untracked |  0
|  142|0x0000007012400000, 0x0000007012600000, 0x0000007012600000|100%| O|  |TAMS 0x0000007012400000| PB 0x0000007012400000| Untracked |  0
|  143|0x0000007012600000, 0x0000007012800000, 0x0000007012800000|100%| O|  |TAMS 0x0000007012600000| PB 0x0000007012600000| Untracked |  0
|  144|0x0000007012800000, 0x0000007012a00000, 0x0000007012a00000|100%| O|  |TAMS 0x0000007012800000| PB 0x0000007012800000| Untracked |  0
|  145|0x0000007012a00000, 0x0000007012c00000, 0x0000007012c00000|100%| O|  |TAMS 0x0000007012a00000| PB 0x0000007012a00000| Untracked |  0
|  146|0x0000007012c00000, 0x0000007012e00000, 0x0000007012e00000|100%| O|Cm|TAMS 0x0000007012c00000| PB 0x0000007012c00000| Complete  |  0
|  147|0x0000007012e00000, 0x0000007013000000, 0x0000007013000000|100%| O|  |TAMS 0x0000007012e00000| PB 0x0000007012e00000| Untracked |  0
|  148|0x0000007013000000, 0x0000007013200000, 0x0000007013200000|100%| O|  |TAMS 0x0000007013000000| PB 0x0000007013000000| Untracked |  0
|  149|0x0000007013200000, 0x0000007013400000, 0x0000007013400000|100%| O|  |TAMS 0x0000007013200000| PB 0x0000007013200000| Untracked |  0
|  150|0x0000007013400000, 0x0000007013600000, 0x0000007013600000|100%| O|  |TAMS 0x0000007013400000| PB 0x0000007013400000| Untracked |  0
|  151|0x0000007013600000, 0x0000007013800000, 0x0000007013800000|100%| O|  |TAMS 0x0000007013600000| PB 0x0000007013600000| Untracked |  0
|  152|0x0000007013800000, 0x0000007013a00000, 0x0000007013a00000|100%| O|  |TAMS 0x0000007013800000| PB 0x0000007013800000| Untracked |  0
|  153|0x0000007013a00000, 0x0000007013c00000, 0x0000007013c00000|100%| O|  |TAMS 0x0000007013a00000| PB 0x0000007013a00000| Untracked |  0
|  154|0x0000007013c00000, 0x0000007013e00000, 0x0000007013e00000|100%| O|  |TAMS 0x0000007013c00000| PB 0x0000007013c00000| Untracked |  0
|  155|0x0000007013e00000, 0x0000007014000000, 0x0000007014000000|100%| O|  |TAMS 0x0000007013e00000| PB 0x0000007013e00000| Untracked |  0
|  156|0x0000007014000000, 0x0000007014200000, 0x0000007014200000|100%| O|  |TAMS 0x0000007014000000| PB 0x0000007014000000| Untracked |  0
|  157|0x0000007014200000, 0x0000007014400000, 0x0000007014400000|100%| O|  |TAMS 0x0000007014200000| PB 0x0000007014200000| Untracked |  0
|  158|0x0000007014400000, 0x0000007014600000, 0x0000007014600000|100%| O|  |TAMS 0x0000007014400000| PB 0x0000007014400000| Untracked |  0
|  159|0x0000007014600000, 0x0000007014800000, 0x0000007014800000|100%| O|  |TAMS 0x0000007014600000| PB 0x0000007014600000| Untracked |  0
|  160|0x0000007014800000, 0x0000007014a00000, 0x0000007014a00000|100%| O|  |TAMS 0x0000007014800000| PB 0x0000007014800000| Untracked |  0
|  161|0x0000007014a00000, 0x0000007014c00000, 0x0000007014c00000|100%| O|  |TAMS 0x0000007014a00000| PB 0x0000007014a00000| Untracked |  0
|  162|0x0000007014c00000, 0x0000007014e00000, 0x0000007014e00000|100%| O|  |TAMS 0x0000007014c00000| PB 0x0000007014c00000| Untracked |  0
|  163|0x0000007014e00000, 0x0000007015000000, 0x0000007015000000|100%| O|  |TAMS 0x0000007014e00000| PB 0x0000007014e00000| Untracked |  0
|  164|0x0000007015000000, 0x0000007015200000, 0x0000007015200000|100%| O|  |TAMS 0x0000007015000000| PB 0x0000007015000000| Untracked |  0
|  165|0x0000007015200000, 0x0000007015400000, 0x0000007015400000|100%| O|  |TAMS 0x0000007015200000| PB 0x0000007015200000| Untracked |  0
|  166|0x0000007015400000, 0x0000007015600000, 0x0000007015600000|100%| O|  |TAMS 0x0000007015400000| PB 0x0000007015400000| Untracked |  0
|  167|0x0000007015600000, 0x0000007015800000, 0x0000007015800000|100%| O|  |TAMS 0x0000007015600000| PB 0x0000007015600000| Untracked |  0
|  168|0x0000007015800000, 0x0000007015a00000, 0x0000007015a00000|100%| O|  |TAMS 0x0000007015800000| PB 0x0000007015800000| Untracked |  0
|  169|0x0000007015a00000, 0x0000007015c00000, 0x0000007015c00000|100%| O|  |TAMS 0x0000007015a00000| PB 0x0000007015a00000| Untracked |  0
|  170|0x0000007015c00000, 0x0000007015e00000, 0x0000007015e00000|100%| O|  |TAMS 0x0000007015c00000| PB 0x0000007015c00000| Untracked |  0
|  171|0x0000007015e00000, 0x0000007016000000, 0x0000007016000000|100%| O|  |TAMS 0x0000007015e00000| PB 0x0000007015e00000| Untracked |  0
|  172|0x0000007016000000, 0x0000007016200000, 0x0000007016200000|100%| O|  |TAMS 0x0000007016000000| PB 0x0000007016000000| Untracked |  0
|  173|0x0000007016200000, 0x0000007016400000, 0x0000007016400000|100%| O|  |TAMS 0x0000007016200000| PB 0x0000007016200000| Untracked |  0
|  174|0x0000007016400000, 0x0000007016600000, 0x0000007016600000|100%| O|  |TAMS 0x0000007016400000| PB 0x0000007016400000| Untracked |  0
|  175|0x0000007016600000, 0x0000007016800000, 0x0000007016800000|100%| O|  |TAMS 0x0000007016600000| PB 0x0000007016600000| Untracked |  0
|  176|0x0000007016800000, 0x0000007016a00000, 0x0000007016a00000|100%| O|  |TAMS 0x0000007016800000| PB 0x0000007016800000| Untracked |  0
|  177|0x0000007016a00000, 0x0000007016c00000, 0x0000007016c00000|100%| O|  |TAMS 0x0000007016a00000| PB 0x0000007016a00000| Untracked |  0
|  178|0x0000007016c00000, 0x0000007016e00000, 0x0000007016e00000|100%| O|  |TAMS 0x0000007016c00000| PB 0x0000007016c00000| Untracked |  0
|  179|0x0000007016e00000, 0x0000007017000000, 0x0000007017000000|100%| O|  |TAMS 0x0000007016e00000| PB 0x0000007016e00000| Untracked |  0
|  180|0x0000007017000000, 0x0000007017200000, 0x0000007017200000|100%| O|  |TAMS 0x0000007017000000| PB 0x0000007017000000| Untracked |  0
|  181|0x0000007017200000, 0x0000007017400000, 0x0000007017400000|100%| O|  |TAMS 0x0000007017200000| PB 0x0000007017200000| Untracked |  0
|  182|0x0000007017400000, 0x0000007017600000, 0x0000007017600000|100%| O|  |TAMS 0x0000007017400000| PB 0x0000007017400000| Untracked |  0
|  183|0x0000007017600000, 0x0000007017800000, 0x0000007017800000|100%| O|  |TAMS 0x0000007017600000| PB 0x0000007017600000| Untracked |  0
|  184|0x0000007017800000, 0x0000007017a00000, 0x0000007017a00000|100%| O|  |TAMS 0x0000007017800000| PB 0x0000007017800000| Untracked |  0
|  185|0x0000007017a00000, 0x0000007017c00000, 0x0000007017c00000|100%| O|  |TAMS 0x0000007017a00000| PB 0x0000007017a00000| Untracked |  0
|  186|0x0000007017c00000, 0x0000007017e00000, 0x0000007017e00000|100%| O|  |TAMS 0x0000007017c00000| PB 0x0000007017c00000| Untracked |  0
|  187|0x0000007017e00000, 0x0000007018000000, 0x0000007018000000|100%| O|  |TAMS 0x0000007017e00000| PB 0x0000007017e00000| Untracked |  0
|  188|0x0000007018000000, 0x0000007018200000, 0x0000007018200000|100%| O|  |TAMS 0x0000007018000000| PB 0x0000007018000000| Untracked |  0
|  189|0x0000007018200000, 0x0000007018400000, 0x0000007018400000|100%| O|  |TAMS 0x0000007018200000| PB 0x0000007018200000| Untracked |  0
|  190|0x0000007018400000, 0x00000070184e83a0, 0x0000007018600000| 45%| O|  |TAMS 0x0000007018400000| PB 0x0000007018400000| Untracked |  0
|  191|0x0000007018600000, 0x0000007018600000, 0x0000007018800000|  0%| F|  |TAMS 0x0000007018600000| PB 0x0000007018600000| Untracked |  0
|  192|0x0000007018800000, 0x0000007018800000, 0x0000007018a00000|  0%| F|  |TAMS 0x0000007018800000| PB 0x0000007018800000| Untracked |  0
|  193|0x0000007018a00000, 0x0000007018a00000, 0x0000007018c00000|  0%| F|  |TAMS 0x0000007018a00000| PB 0x0000007018a00000| Untracked |  0
|  194|0x0000007018c00000, 0x0000007018c00000, 0x0000007018e00000|  0%| F|  |TAMS 0x0000007018c00000| PB 0x0000007018c00000| Untracked |  0
|  195|0x0000007018e00000, 0x0000007018e00000, 0x0000007019000000|  0%| F|  |TAMS 0x0000007018e00000| PB 0x0000007018e00000| Untracked |  0
|  196|0x0000007019000000, 0x0000007019000000, 0x0000007019200000|  0%| F|  |TAMS 0x0000007019000000| PB 0x0000007019000000| Untracked |  0
|  197|0x0000007019200000, 0x0000007019200000, 0x0000007019400000|  0%| F|  |TAMS 0x0000007019200000| PB 0x0000007019200000| Untracked |  0
|  198|0x0000007019400000, 0x0000007019400000, 0x0000007019600000|  0%| F|  |TAMS 0x0000007019400000| PB 0x0000007019400000| Untracked |  0
|  199|0x0000007019600000, 0x0000007019600000, 0x0000007019800000|  0%| F|  |TAMS 0x0000007019600000| PB 0x0000007019600000| Untracked |  0
|  200|0x0000007019800000, 0x0000007019800000, 0x0000007019a00000|  0%| F|  |TAMS 0x0000007019800000| PB 0x0000007019800000| Untracked |  0
|  201|0x0000007019a00000, 0x0000007019a00000, 0x0000007019c00000|  0%| F|  |TAMS 0x0000007019a00000| PB 0x0000007019a00000| Untracked |  0
|  202|0x0000007019c00000, 0x0000007019c00000, 0x0000007019e00000|  0%| F|  |TAMS 0x0000007019c00000| PB 0x0000007019c00000| Untracked |  0
|  203|0x0000007019e00000, 0x0000007019e00000, 0x000000701a000000|  0%| F|  |TAMS 0x0000007019e00000| PB 0x0000007019e00000| Untracked |  0
|  204|0x000000701a000000, 0x000000701a000000, 0x000000701a200000|  0%| F|  |TAMS 0x000000701a000000| PB 0x000000701a000000| Untracked |  0
|  205|0x000000701a200000, 0x000000701a200000, 0x000000701a400000|  0%| F|  |TAMS 0x000000701a200000| PB 0x000000701a200000| Untracked |  0
|  206|0x000000701a400000, 0x000000701a400000, 0x000000701a600000|  0%| F|  |TAMS 0x000000701a400000| PB 0x000000701a400000| Untracked |  0
|  207|0x000000701a600000, 0x000000701a600000, 0x000000701a800000|  0%| F|  |TAMS 0x000000701a600000| PB 0x000000701a600000| Untracked |  0
|  208|0x000000701a800000, 0x000000701a800000, 0x000000701aa00000|  0%| F|  |TAMS 0x000000701a800000| PB 0x000000701a800000| Untracked |  0
|  209|0x000000701aa00000, 0x000000701ac00000, 0x000000701ac00000|100%| O|  |TAMS 0x000000701aa00000| PB 0x000000701aa00000| Untracked |  0
|  210|0x000000701ac00000, 0x000000701ae00000, 0x000000701ae00000|100%| O|Cm|TAMS 0x000000701ac00000| PB 0x000000701ac00000| Complete  |  0
|  211|0x000000701ae00000, 0x000000701ae00000, 0x000000701b000000|  0%| F|  |TAMS 0x000000701ae00000| PB 0x000000701ae00000| Untracked |  0
|  212|0x000000701b000000, 0x000000701b000000, 0x000000701b200000|  0%| F|  |TAMS 0x000000701b000000| PB 0x000000701b000000| Untracked |  0
|  213|0x000000701b200000, 0x000000701b200000, 0x000000701b400000|  0%| F|  |TAMS 0x000000701b200000| PB 0x000000701b200000| Untracked |  0
|  214|0x000000701b400000, 0x000000701b400000, 0x000000701b600000|  0%| F|  |TAMS 0x000000701b400000| PB 0x000000701b400000| Untracked |  0
|  215|0x000000701b600000, 0x000000701b600000, 0x000000701b800000|  0%| F|  |TAMS 0x000000701b600000| PB 0x000000701b600000| Untracked |  0
|  216|0x000000701b800000, 0x000000701b800000, 0x000000701ba00000|  0%| F|  |TAMS 0x000000701b800000| PB 0x000000701b800000| Untracked |  0
|  217|0x000000701ba00000, 0x000000701ba00000, 0x000000701bc00000|  0%| F|  |TAMS 0x000000701ba00000| PB 0x000000701ba00000| Untracked |  0
|  218|0x000000701bc00000, 0x000000701bc00000, 0x000000701be00000|  0%| F|  |TAMS 0x000000701bc00000| PB 0x000000701bc00000| Untracked |  0
|  219|0x000000701be00000, 0x000000701be00000, 0x000000701c000000|  0%| F|  |TAMS 0x000000701be00000| PB 0x000000701be00000| Untracked |  0
|  220|0x000000701c000000, 0x000000701c000000, 0x000000701c200000|  0%| F|  |TAMS 0x000000701c000000| PB 0x000000701c000000| Untracked |  0
|  221|0x000000701c200000, 0x000000701c200000, 0x000000701c400000|  0%| F|  |TAMS 0x000000701c200000| PB 0x000000701c200000| Untracked |  0
|  222|0x000000701c400000, 0x000000701c400000, 0x000000701c600000|  0%| F|  |TAMS 0x000000701c400000| PB 0x000000701c400000| Untracked |  0
|  223|0x000000701c600000, 0x000000701c600000, 0x000000701c800000|  0%| F|  |TAMS 0x000000701c600000| PB 0x000000701c600000| Untracked |  0
|  224|0x000000701c800000, 0x000000701c800000, 0x000000701ca00000|  0%| F|  |TAMS 0x000000701c800000| PB 0x000000701c800000| Untracked |  0
|  225|0x000000701ca00000, 0x000000701ca00000, 0x000000701cc00000|  0%| F|  |TAMS 0x000000701ca00000| PB 0x000000701ca00000| Untracked |  0
|  226|0x000000701cc00000, 0x000000701cc00000, 0x000000701ce00000|  0%| F|  |TAMS 0x000000701cc00000| PB 0x000000701cc00000| Untracked |  0
|  227|0x000000701ce00000, 0x000000701ce00000, 0x000000701d000000|  0%| F|  |TAMS 0x000000701ce00000| PB 0x000000701ce00000| Untracked |  0
|  228|0x000000701d000000, 0x000000701d0c1170, 0x000000701d200000| 37%| E|CS|TAMS 0x000000701d000000| PB 0x000000701d000000| Complete  |  0
|  229|0x000000701d200000, 0x000000701d400000, 0x000000701d400000|100%| E|CS|TAMS 0x000000701d200000| PB 0x000000701d200000| Complete  |  0
|  230|0x000000701d400000, 0x000000701d600000, 0x000000701d600000|100%| E|CS|TAMS 0x000000701d400000| PB 0x000000701d400000| Complete  |  0
|  231|0x000000701d600000, 0x000000701d800000, 0x000000701d800000|100%| E|CS|TAMS 0x000000701d600000| PB 0x000000701d600000| Complete  |  0
|  232|0x000000701d800000, 0x000000701da00000, 0x000000701da00000|100%| O|  |TAMS 0x000000701d800000| PB 0x000000701d800000| Untracked |  0
|  233|0x000000701da00000, 0x000000701dc00000, 0x000000701dc00000|100%| O|  |TAMS 0x000000701da00000| PB 0x000000701da00000| Untracked |  0
|  234|0x000000701dc00000, 0x000000701de00000, 0x000000701de00000|100%| E|CS|TAMS 0x000000701dc00000| PB 0x000000701dc00000| Complete  |  0
|  235|0x000000701de00000, 0x000000701e000000, 0x000000701e000000|100%| E|CS|TAMS 0x000000701de00000| PB 0x000000701de00000| Complete  |  0
|  236|0x000000701e000000, 0x000000701e200000, 0x000000701e200000|100%| E|CS|TAMS 0x000000701e000000| PB 0x000000701e000000| Complete  |  0
|  237|0x000000701e200000, 0x000000701e400000, 0x000000701e400000|100%| E|CS|TAMS 0x000000701e200000| PB 0x000000701e200000| Complete  |  0
|  238|0x000000701e400000, 0x000000701e600000, 0x000000701e600000|100%| E|CS|TAMS 0x000000701e400000| PB 0x000000701e400000| Complete  |  0
|  239|0x000000701e600000, 0x000000701e800000, 0x000000701e800000|100%| E|CS|TAMS 0x000000701e600000| PB 0x000000701e600000| Complete  |  0
|  240|0x000000701e800000, 0x000000701ea00000, 0x000000701ea00000|100%| E|CS|TAMS 0x000000701e800000| PB 0x000000701e800000| Complete  |  0
|  241|0x000000701ea00000, 0x000000701ec00000, 0x000000701ec00000|100%| E|CS|TAMS 0x000000701ea00000| PB 0x000000701ea00000| Complete  |  0
|  242|0x000000701ec00000, 0x000000701ee00000, 0x000000701ee00000|100%| E|CS|TAMS 0x000000701ec00000| PB 0x000000701ec00000| Complete  |  0
|  243|0x000000701ee00000, 0x000000701f000000, 0x000000701f000000|100%| E|CS|TAMS 0x000000701ee00000| PB 0x000000701ee00000| Complete  |  0
|  244|0x000000701f000000, 0x000000701f200000, 0x000000701f200000|100%| E|CS|TAMS 0x000000701f000000| PB 0x000000701f000000| Complete  |  0
|  245|0x000000701f200000, 0x000000701f400000, 0x000000701f400000|100%| E|CS|TAMS 0x000000701f200000| PB 0x000000701f200000| Complete  |  0
|  246|0x000000701f400000, 0x000000701f600000, 0x000000701f600000|100%| E|CS|TAMS 0x000000701f400000| PB 0x000000701f400000| Complete  |  0
|  247|0x000000701f600000, 0x000000701f800000, 0x000000701f800000|100%| E|CS|TAMS 0x000000701f600000| PB 0x000000701f600000| Complete  |  0
|  248|0x000000701f800000, 0x000000701fa00000, 0x000000701fa00000|100%| O|  |TAMS 0x000000701f800000| PB 0x000000701f800000| Untracked |  0
|  249|0x000000701fa00000, 0x000000701fc00000, 0x000000701fc00000|100%| O|  |TAMS 0x000000701fa00000| PB 0x000000701fa00000| Untracked |  0
|  250|0x000000701fc00000, 0x000000701fe00000, 0x000000701fe00000|100%| E|CS|TAMS 0x000000701fc00000| PB 0x000000701fc00000| Complete  |  0
|  251|0x000000701fe00000, 0x0000007020000000, 0x0000007020000000|100%| E|CS|TAMS 0x000000701fe00000| PB 0x000000701fe00000| Complete  |  0
|  252|0x0000007020000000, 0x0000007020200000, 0x0000007020200000|100%| E|CS|TAMS 0x0000007020000000| PB 0x0000007020000000| Complete  |  0
|  253|0x0000007020200000, 0x0000007020400000, 0x0000007020400000|100%| E|CS|TAMS 0x0000007020200000| PB 0x0000007020200000| Complete  |  0
|  254|0x0000007020400000, 0x0000007020600000, 0x0000007020600000|100%| E|CS|TAMS 0x0000007020400000| PB 0x0000007020400000| Complete  |  0
|  255|0x0000007020600000, 0x0000007020800000, 0x0000007020800000|100%| O|  |TAMS 0x0000007020600000| PB 0x0000007020600000| Untracked |  1
|  256|0x0000007020800000, 0x0000007020a00000, 0x0000007020a00000|100%| E|CS|TAMS 0x0000007020800000| PB 0x0000007020800000| Complete  |  0
|  257|0x0000007020a00000, 0x0000007020c00000, 0x0000007020c00000|100%| E|CS|TAMS 0x0000007020a00000| PB 0x0000007020a00000| Complete  |  0
|  258|0x0000007020c00000, 0x0000007020e00000, 0x0000007020e00000|100%| E|CS|TAMS 0x0000007020c00000| PB 0x0000007020c00000| Complete  |  0
|  259|0x0000007020e00000, 0x0000007021000000, 0x0000007021000000|100%| E|CS|TAMS 0x0000007020e00000| PB 0x0000007020e00000| Complete  |  0
|  260|0x0000007021000000, 0x0000007021200000, 0x0000007021200000|100%| E|CS|TAMS 0x0000007021000000| PB 0x0000007021000000| Complete  |  0
|  261|0x0000007021200000, 0x0000007021400000, 0x0000007021400000|100%| O|  |TAMS 0x0000007021200000| PB 0x0000007021200000| Untracked |  2
|  262|0x0000007021400000, 0x0000007021600000, 0x0000007021600000|100%| O|  |TAMS 0x0000007021400000| PB 0x0000007021400000| Untracked |  1
|  263|0x0000007021600000, 0x0000007021800000, 0x0000007021800000|100%|HS|  |TAMS 0x0000007021600000| PB 0x0000007021600000| Complete  |  0
|  264|0x0000007021800000, 0x0000007021a00000, 0x0000007021a00000|100%|HC|  |TAMS 0x0000007021800000| PB 0x0000007021800000| Complete  |  0
|  265|0x0000007021a00000, 0x0000007021c00000, 0x0000007021c00000|100%|HC|  |TAMS 0x0000007021a00000| PB 0x0000007021a00000| Complete  |  0
|  266|0x0000007021c00000, 0x0000007021e00000, 0x0000007021e00000|100%|HC|  |TAMS 0x0000007021c00000| PB 0x0000007021c00000| Complete  |  0
|  267|0x0000007021e00000, 0x0000007022000000, 0x0000007022000000|100%|HC|  |TAMS 0x0000007021e00000| PB 0x0000007021e00000| Complete  |  0
|  268|0x0000007022000000, 0x0000007022200000, 0x0000007022200000|100%|HC|  |TAMS 0x0000007022000000| PB 0x0000007022000000| Complete  |  0
|  269|0x0000007022200000, 0x0000007022400000, 0x0000007022400000|100%|HC|  |TAMS 0x0000007022200000| PB 0x0000007022200000| Complete  |  0
|  270|0x0000007022400000, 0x0000007022600000, 0x0000007022600000|100%|HC|  |TAMS 0x0000007022400000| PB 0x0000007022400000| Complete  |  0
|  271|0x0000007022600000, 0x0000007022800000, 0x0000007022800000|100%|HC|  |TAMS 0x0000007022600000| PB 0x0000007022600000| Complete  |  0
|  272|0x0000007022800000, 0x0000007022a00000, 0x0000007022a00000|100%|HC|  |TAMS 0x0000007022800000| PB 0x0000007022800000| Complete  |  0
|  273|0x0000007022a00000, 0x0000007022c00000, 0x0000007022c00000|100%|HC|  |TAMS 0x0000007022a00000| PB 0x0000007022a00000| Complete  |  0
|  274|0x0000007022c00000, 0x0000007022e00000, 0x0000007022e00000|100%|HC|  |TAMS 0x0000007022c00000| PB 0x0000007022c00000| Complete  |  0
|  275|0x0000007022e00000, 0x0000007023000000, 0x0000007023000000|100%|HC|  |TAMS 0x0000007022e00000| PB 0x0000007022e00000| Complete  |  0
|  276|0x0000007023000000, 0x0000007023200000, 0x0000007023200000|100%|HC|  |TAMS 0x0000007023000000| PB 0x0000007023000000| Complete  |  0
|  277|0x0000007023200000, 0x0000007023400000, 0x0000007023400000|100%|HC|  |TAMS 0x0000007023200000| PB 0x0000007023200000| Complete  |  0
|  278|0x0000007023400000, 0x0000007023600000, 0x0000007023600000|100%|HC|  |TAMS 0x0000007023400000| PB 0x0000007023400000| Complete  |  0
|  279|0x0000007023600000, 0x0000007023800000, 0x0000007023800000|100%|HC|  |TAMS 0x0000007023600000| PB 0x0000007023600000| Complete  |  0
|  280|0x0000007023800000, 0x0000007023a00000, 0x0000007023a00000|100%|HC|  |TAMS 0x0000007023800000| PB 0x0000007023800000| Complete  |  0
|  281|0x0000007023a00000, 0x0000007023c00000, 0x0000007023c00000|100%|HC|  |TAMS 0x0000007023a00000| PB 0x0000007023a00000| Complete  |  0
|  282|0x0000007023c00000, 0x0000007023e00000, 0x0000007023e00000|100%|HC|  |TAMS 0x0000007023c00000| PB 0x0000007023c00000| Complete  |  0
|  283|0x0000007023e00000, 0x0000007024000000, 0x0000007024000000|100%|HC|  |TAMS 0x0000007023e00000| PB 0x0000007023e00000| Complete  |  0
|  284|0x0000007024000000, 0x0000007024200000, 0x0000007024200000|100%|HC|  |TAMS 0x0000007024000000| PB 0x0000007024000000| Complete  |  0
|  285|0x0000007024200000, 0x0000007024400000, 0x0000007024400000|100%|HC|  |TAMS 0x0000007024200000| PB 0x0000007024200000| Complete  |  0
|  286|0x0000007024400000, 0x0000007024600000, 0x0000007024600000|100%|HC|  |TAMS 0x0000007024400000| PB 0x0000007024400000| Complete  |  0
|  287|0x0000007024600000, 0x0000007024800000, 0x0000007024800000|100%|HC|  |TAMS 0x0000007024600000| PB 0x0000007024600000| Complete  |  0
|  288|0x0000007024800000, 0x0000007024a00000, 0x0000007024a00000|100%|HC|  |TAMS 0x0000007024800000| PB 0x0000007024800000| Complete  |  0
|  289|0x0000007024a00000, 0x0000007024c00000, 0x0000007024c00000|100%|HC|  |TAMS 0x0000007024a00000| PB 0x0000007024a00000| Complete  |  0
|  290|0x0000007024c00000, 0x0000007024e00000, 0x0000007024e00000|100%|HC|  |TAMS 0x0000007024c00000| PB 0x0000007024c00000| Complete  |  0
|  291|0x0000007024e00000, 0x0000007025000000, 0x0000007025000000|100%|HC|  |TAMS 0x0000007024e00000| PB 0x0000007024e00000| Complete  |  0
|  292|0x0000007025000000, 0x0000007025200000, 0x0000007025200000|100%|HC|  |TAMS 0x0000007025000000| PB 0x0000007025000000| Complete  |  0
|  293|0x0000007025200000, 0x0000007025400000, 0x0000007025400000|100%|HC|  |TAMS 0x0000007025200000| PB 0x0000007025200000| Complete  |  0
|  294|0x0000007025400000, 0x0000007025600000, 0x0000007025600000|100%| E|CS|TAMS 0x0000007025400000| PB 0x0000007025400000| Complete  |  0
|  295|0x0000007025600000, 0x0000007025800000, 0x0000007025800000|100%| E|CS|TAMS 0x0000007025600000| PB 0x0000007025600000| Complete  |  0
|  296|0x0000007025800000, 0x0000007025a00000, 0x0000007025a00000|100%| E|CS|TAMS 0x0000007025800000| PB 0x0000007025800000| Complete  |  0
|  297|0x0000007025a00000, 0x0000007025c00000, 0x0000007025c00000|100%| E|CS|TAMS 0x0000007025a00000| PB 0x0000007025a00000| Complete  |  0
|  298|0x0000007025c00000, 0x0000007025e00000, 0x0000007025e00000|100%| E|CS|TAMS 0x0000007025c00000| PB 0x0000007025c00000| Complete  |  0
|  299|0x0000007025e00000, 0x0000007026000000, 0x0000007026000000|100%| S|CS|TAMS 0x0000007025e00000| PB 0x0000007025e00000| Complete  |  0
|  300|0x0000007026000000, 0x0000007026200000, 0x0000007026200000|100%| S|CS|TAMS 0x0000007026000000| PB 0x0000007026000000| Complete  |  0
|  301|0x0000007026200000, 0x0000007026400000, 0x0000007026400000|100%| S|CS|TAMS 0x0000007026200000| PB 0x0000007026200000| Complete  |  0
|  302|0x0000007026400000, 0x0000007026600000, 0x0000007026600000|100%| S|CS|TAMS 0x0000007026400000| PB 0x0000007026400000| Complete  |  0
|  303|0x0000007026600000, 0x0000007026800000, 0x0000007026800000|100%| S|CS|TAMS 0x0000007026600000| PB 0x0000007026600000| Complete  |  0
|  304|0x0000007026800000, 0x0000007026a00000, 0x0000007026a00000|100%| S|CS|TAMS 0x0000007026800000| PB 0x0000007026800000| Complete  |  0
|  305|0x0000007026a00000, 0x0000007026c00000, 0x0000007026c00000|100%| S|CS|TAMS 0x0000007026a00000| PB 0x0000007026a00000| Complete  |  0
|  306|0x0000007026c00000, 0x0000007026e00000, 0x0000007026e00000|100%| S|CS|TAMS 0x0000007026c00000| PB 0x0000007026c00000| Complete  |  0
|  307|0x0000007026e00000, 0x0000007027000000, 0x0000007027000000|100%| S|CS|TAMS 0x0000007026e00000| PB 0x0000007026e00000| Complete  |  0
|  308|0x0000007027000000, 0x00000070271bdf70, 0x0000007027200000| 87%| O|Cr|TAMS 0x0000007027000000| PB 0x0000007027000000| Complete  |  0
|  309|0x0000007027200000, 0x0000007027400000, 0x0000007027400000|100%| E|CS|TAMS 0x0000007027200000| PB 0x0000007027200000| Complete  |  0
|  310|0x0000007027400000, 0x0000007027600000, 0x0000007027600000|100%| O|  |TAMS 0x0000007027400000| PB 0x0000007027400000| Untracked |  0
|  311|0x0000007027600000, 0x0000007027800000, 0x0000007027800000|100%|HS|  |TAMS 0x0000007027600000| PB 0x0000007027600000| Complete  |  0
|  312|0x0000007027800000, 0x0000007027a00000, 0x0000007027a00000|100%|HC|  |TAMS 0x0000007027800000| PB 0x0000007027800000| Complete  |  0
|  313|0x0000007027a00000, 0x0000007027c00000, 0x0000007027c00000|100%|HC|  |TAMS 0x0000007027a00000| PB 0x0000007027a00000| Complete  |  0
|  314|0x0000007027c00000, 0x0000007027e00000, 0x0000007027e00000|100%|HC|  |TAMS 0x0000007027c00000| PB 0x0000007027c00000| Complete  |  0
|  315|0x0000007027e00000, 0x0000007028000000, 0x0000007028000000|100%|HC|  |TAMS 0x0000007027e00000| PB 0x0000007027e00000| Complete  |  0
|  316|0x0000007028000000, 0x0000007028200000, 0x0000007028200000|100%|HC|  |TAMS 0x0000007028000000| PB 0x0000007028000000| Complete  |  0
|  317|0x0000007028200000, 0x0000007028400000, 0x0000007028400000|100%|HC|  |TAMS 0x0000007028200000| PB 0x0000007028200000| Complete  |  0
|  318|0x0000007028400000, 0x0000007028600000, 0x0000007028600000|100%|HC|  |TAMS 0x0000007028400000| PB 0x0000007028400000| Complete  |  0
|  319|0x0000007028600000, 0x0000007028800000, 0x0000007028800000|100%|HC|  |TAMS 0x0000007028600000| PB 0x0000007028600000| Complete  |  0
|  320|0x0000007028800000, 0x0000007028a00000, 0x0000007028a00000|100%|HC|  |TAMS 0x0000007028800000| PB 0x0000007028800000| Complete  |  0
|  321|0x0000007028a00000, 0x0000007028c00000, 0x0000007028c00000|100%|HC|  |TAMS 0x0000007028a00000| PB 0x0000007028a00000| Complete  |  0
|  322|0x0000007028c00000, 0x0000007028e00000, 0x0000007028e00000|100%|HC|  |TAMS 0x0000007028c00000| PB 0x0000007028c00000| Complete  |  0
|  323|0x0000007028e00000, 0x0000007029000000, 0x0000007029000000|100%|HC|  |TAMS 0x0000007028e00000| PB 0x0000007028e00000| Complete  |  0
|  324|0x0000007029000000, 0x0000007029200000, 0x0000007029200000|100%|HC|  |TAMS 0x0000007029000000| PB 0x0000007029000000| Complete  |  0
|  325|0x0000007029200000, 0x0000007029400000, 0x0000007029400000|100%|HC|  |TAMS 0x0000007029200000| PB 0x0000007029200000| Complete  |  0
|  326|0x0000007029400000, 0x0000007029600000, 0x0000007029600000|100%|HC|  |TAMS 0x0000007029400000| PB 0x0000007029400000| Complete  |  0
|  327|0x0000007029600000, 0x0000007029800000, 0x0000007029800000|100%|HC|  |TAMS 0x0000007029600000| PB 0x0000007029600000| Complete  |  0
|  328|0x0000007029800000, 0x0000007029a00000, 0x0000007029a00000|100%|HC|  |TAMS 0x0000007029800000| PB 0x0000007029800000| Complete  |  0
|  329|0x0000007029a00000, 0x0000007029c00000, 0x0000007029c00000|100%|HC|  |TAMS 0x0000007029a00000| PB 0x0000007029a00000| Complete  |  0
|  330|0x0000007029c00000, 0x0000007029e00000, 0x0000007029e00000|100%|HC|  |TAMS 0x0000007029c00000| PB 0x0000007029c00000| Complete  |  0
|  331|0x0000007029e00000, 0x000000702a000000, 0x000000702a000000|100%|HC|  |TAMS 0x0000007029e00000| PB 0x0000007029e00000| Complete  |  0
|  332|0x000000702a000000, 0x000000702a200000, 0x000000702a200000|100%|HC|  |TAMS 0x000000702a000000| PB 0x000000702a000000| Complete  |  0
|  333|0x000000702a200000, 0x000000702a400000, 0x000000702a400000|100%|HC|  |TAMS 0x000000702a200000| PB 0x000000702a200000| Complete  |  0
|  334|0x000000702a400000, 0x000000702a600000, 0x000000702a600000|100%|HC|  |TAMS 0x000000702a400000| PB 0x000000702a400000| Complete  |  0
|  335|0x000000702a600000, 0x000000702a800000, 0x000000702a800000|100%|HC|  |TAMS 0x000000702a600000| PB 0x000000702a600000| Complete  |  0
|  336|0x000000702a800000, 0x000000702aa00000, 0x000000702aa00000|100%|HC|  |TAMS 0x000000702a800000| PB 0x000000702a800000| Complete  |  0
|  337|0x000000702aa00000, 0x000000702ac00000, 0x000000702ac00000|100%|HC|  |TAMS 0x000000702aa00000| PB 0x000000702aa00000| Complete  |  0
|  338|0x000000702ac00000, 0x000000702ae00000, 0x000000702ae00000|100%|HC|  |TAMS 0x000000702ac00000| PB 0x000000702ac00000| Complete  |  0
|  339|0x000000702ae00000, 0x000000702b000000, 0x000000702b000000|100%|HC|  |TAMS 0x000000702ae00000| PB 0x000000702ae00000| Complete  |  0
|  340|0x000000702b000000, 0x000000702b200000, 0x000000702b200000|100%|HC|  |TAMS 0x000000702b000000| PB 0x000000702b000000| Complete  |  0
|  341|0x000000702b200000, 0x000000702b400000, 0x000000702b400000|100%|HC|  |TAMS 0x000000702b200000| PB 0x000000702b200000| Complete  |  0
|  342|0x000000702b400000, 0x000000702b600000, 0x000000702b600000|100%| E|CS|TAMS 0x000000702b400000| PB 0x000000702b400000| Complete  |  0
|  343|0x000000702b600000, 0x000000702b800000, 0x000000702b800000|100%| E|CS|TAMS 0x000000702b600000| PB 0x000000702b600000| Complete  |  0
|  344|0x000000702b800000, 0x000000702ba00000, 0x000000702ba00000|100%|HS|  |TAMS 0x000000702b800000| PB 0x000000702b800000| Complete  |  0
|  345|0x000000702ba00000, 0x000000702bc00000, 0x000000702bc00000|100%|HC|  |TAMS 0x000000702ba00000| PB 0x000000702ba00000| Complete  |  0
|  346|0x000000702bc00000, 0x000000702be00000, 0x000000702be00000|100%|HC|  |TAMS 0x000000702bc00000| PB 0x000000702bc00000| Complete  |  0
|  347|0x000000702be00000, 0x000000702c000000, 0x000000702c000000|100%|HC|  |TAMS 0x000000702be00000| PB 0x000000702be00000| Complete  |  0
|  348|0x000000702c000000, 0x000000702c200000, 0x000000702c200000|100%|HC|  |TAMS 0x000000702c000000| PB 0x000000702c000000| Complete  |  0
|  349|0x000000702c200000, 0x000000702c400000, 0x000000702c400000|100%|HC|  |TAMS 0x000000702c200000| PB 0x000000702c200000| Complete  |  0
|  350|0x000000702c400000, 0x000000702c600000, 0x000000702c600000|100%|HC|  |TAMS 0x000000702c400000| PB 0x000000702c400000| Complete  |  0
|  351|0x000000702c600000, 0x000000702c800000, 0x000000702c800000|100%|HC|  |TAMS 0x000000702c600000| PB 0x000000702c600000| Complete  |  0
|  352|0x000000702c800000, 0x000000702ca00000, 0x000000702ca00000|100%|HC|  |TAMS 0x000000702c800000| PB 0x000000702c800000| Complete  |  0
|  353|0x000000702ca00000, 0x000000702cc00000, 0x000000702cc00000|100%|HC|  |TAMS 0x000000702ca00000| PB 0x000000702ca00000| Complete  |  0
|  354|0x000000702cc00000, 0x000000702ce00000, 0x000000702ce00000|100%|HC|  |TAMS 0x000000702cc00000| PB 0x000000702cc00000| Complete  |  0
|  355|0x000000702ce00000, 0x000000702d000000, 0x000000702d000000|100%|HC|  |TAMS 0x000000702ce00000| PB 0x000000702ce00000| Complete  |  0
|  356|0x000000702d000000, 0x000000702d200000, 0x000000702d200000|100%|HC|  |TAMS 0x000000702d000000| PB 0x000000702d000000| Complete  |  0
|  357|0x000000702d200000, 0x000000702d400000, 0x000000702d400000|100%|HC|  |TAMS 0x000000702d200000| PB 0x000000702d200000| Complete  |  0
|  358|0x000000702d400000, 0x000000702d600000, 0x000000702d600000|100%|HC|  |TAMS 0x000000702d400000| PB 0x000000702d400000| Complete  |  0
|  359|0x000000702d600000, 0x000000702d800000, 0x000000702d800000|100%|HC|  |TAMS 0x000000702d600000| PB 0x000000702d600000| Complete  |  0
|  360|0x000000702d800000, 0x000000702da00000, 0x000000702da00000|100%|HC|  |TAMS 0x000000702d800000| PB 0x000000702d800000| Complete  |  0
|  361|0x000000702da00000, 0x000000702dc00000, 0x000000702dc00000|100%|HC|  |TAMS 0x000000702da00000| PB 0x000000702da00000| Complete  |  0
|  362|0x000000702dc00000, 0x000000702de00000, 0x000000702de00000|100%|HC|  |TAMS 0x000000702dc00000| PB 0x000000702dc00000| Complete  |  0
|  363|0x000000702de00000, 0x000000702e000000, 0x000000702e000000|100%|HC|  |TAMS 0x000000702de00000| PB 0x000000702de00000| Complete  |  0
|  364|0x000000702e000000, 0x000000702e200000, 0x000000702e200000|100%|HC|  |TAMS 0x000000702e000000| PB 0x000000702e000000| Complete  |  0
|  365|0x000000702e200000, 0x000000702e400000, 0x000000702e400000|100%|HC|  |TAMS 0x000000702e200000| PB 0x000000702e200000| Complete  |  0
|  366|0x000000702e400000, 0x000000702e600000, 0x000000702e600000|100%|HC|  |TAMS 0x000000702e400000| PB 0x000000702e400000| Complete  |  0
|  367|0x000000702e600000, 0x000000702e800000, 0x000000702e800000|100%|HC|  |TAMS 0x000000702e600000| PB 0x000000702e600000| Complete  |  0
|  368|0x000000702e800000, 0x000000702ea00000, 0x000000702ea00000|100%|HC|  |TAMS 0x000000702e800000| PB 0x000000702e800000| Complete  |  0
|  369|0x000000702ea00000, 0x000000702ec00000, 0x000000702ec00000|100%|HC|  |TAMS 0x000000702ea00000| PB 0x000000702ea00000| Complete  |  0
|  370|0x000000702ec00000, 0x000000702ee00000, 0x000000702ee00000|100%|HC|  |TAMS 0x000000702ec00000| PB 0x000000702ec00000| Complete  |  0
|  371|0x000000702ee00000, 0x000000702f000000, 0x000000702f000000|100%|HC|  |TAMS 0x000000702ee00000| PB 0x000000702ee00000| Complete  |  0
|  372|0x000000702f000000, 0x000000702f200000, 0x000000702f200000|100%|HC|  |TAMS 0x000000702f000000| PB 0x000000702f000000| Complete  |  0
|  373|0x000000702f200000, 0x000000702f400000, 0x000000702f400000|100%|HC|  |TAMS 0x000000702f200000| PB 0x000000702f200000| Complete  |  0
|  374|0x000000702f400000, 0x000000702f600000, 0x000000702f600000|100%|HC|  |TAMS 0x000000702f400000| PB 0x000000702f400000| Complete  |  0
|  375|0x000000702f600000, 0x000000702f800000, 0x000000702f800000|100%|HS|  |TAMS 0x000000702f600000| PB 0x000000702f600000| Complete  |  0
|  376|0x000000702f800000, 0x000000702fa00000, 0x000000702fa00000|100%|HC|  |TAMS 0x000000702f800000| PB 0x000000702f800000| Complete  |  0
|  377|0x000000702fa00000, 0x000000702fc00000, 0x000000702fc00000|100%|HC|  |TAMS 0x000000702fa00000| PB 0x000000702fa00000| Complete  |  0
|  378|0x000000702fc00000, 0x000000702fe00000, 0x000000702fe00000|100%|HC|  |TAMS 0x000000702fc00000| PB 0x000000702fc00000| Complete  |  0
|  379|0x000000702fe00000, 0x0000007030000000, 0x0000007030000000|100%|HC|  |TAMS 0x000000702fe00000| PB 0x000000702fe00000| Complete  |  0
|  380|0x0000007030000000, 0x0000007030200000, 0x0000007030200000|100%|HC|  |TAMS 0x0000007030000000| PB 0x0000007030000000| Complete  |  0
|  381|0x0000007030200000, 0x0000007030400000, 0x0000007030400000|100%|HC|  |TAMS 0x0000007030200000| PB 0x0000007030200000| Complete  |  0
|  382|0x0000007030400000, 0x0000007030600000, 0x0000007030600000|100%|HC|  |TAMS 0x0000007030400000| PB 0x0000007030400000| Complete  |  0
|  383|0x0000007030600000, 0x0000007030800000, 0x0000007030800000|100%|HC|  |TAMS 0x0000007030600000| PB 0x0000007030600000| Complete  |  0
|  384|0x0000007030800000, 0x0000007030a00000, 0x0000007030a00000|100%|HC|  |TAMS 0x0000007030800000| PB 0x0000007030800000| Complete  |  0
|  385|0x0000007030a00000, 0x0000007030c00000, 0x0000007030c00000|100%|HC|  |TAMS 0x0000007030a00000| PB 0x0000007030a00000| Complete  |  0
|  386|0x0000007030c00000, 0x0000007030e00000, 0x0000007030e00000|100%|HC|  |TAMS 0x0000007030c00000| PB 0x0000007030c00000| Complete  |  0
|  387|0x0000007030e00000, 0x0000007031000000, 0x0000007031000000|100%|HC|  |TAMS 0x0000007030e00000| PB 0x0000007030e00000| Complete  |  0
|  388|0x0000007031000000, 0x0000007031200000, 0x0000007031200000|100%|HC|  |TAMS 0x0000007031000000| PB 0x0000007031000000| Complete  |  0
|  389|0x0000007031200000, 0x0000007031400000, 0x0000007031400000|100%|HC|  |TAMS 0x0000007031200000| PB 0x0000007031200000| Complete  |  0
|  390|0x0000007031400000, 0x0000007031600000, 0x0000007031600000|100%|HC|  |TAMS 0x0000007031400000| PB 0x0000007031400000| Complete  |  0
|  391|0x0000007031600000, 0x0000007031800000, 0x0000007031800000|100%|HC|  |TAMS 0x0000007031600000| PB 0x0000007031600000| Complete  |  0
|  392|0x0000007031800000, 0x0000007031a00000, 0x0000007031a00000|100%|HC|  |TAMS 0x0000007031800000| PB 0x0000007031800000| Complete  |  0
|  393|0x0000007031a00000, 0x0000007031c00000, 0x0000007031c00000|100%|HC|  |TAMS 0x0000007031a00000| PB 0x0000007031a00000| Complete  |  0
|  394|0x0000007031c00000, 0x0000007031e00000, 0x0000007031e00000|100%|HC|  |TAMS 0x0000007031c00000| PB 0x0000007031c00000| Complete  |  0
|  395|0x0000007031e00000, 0x0000007032000000, 0x0000007032000000|100%|HC|  |TAMS 0x0000007031e00000| PB 0x0000007031e00000| Complete  |  0
|  396|0x0000007032000000, 0x0000007032200000, 0x0000007032200000|100%|HC|  |TAMS 0x0000007032000000| PB 0x0000007032000000| Complete  |  0
|  397|0x0000007032200000, 0x0000007032400000, 0x0000007032400000|100%|HC|  |TAMS 0x0000007032200000| PB 0x0000007032200000| Complete  |  0
|  398|0x0000007032400000, 0x0000007032600000, 0x0000007032600000|100%|HC|  |TAMS 0x0000007032400000| PB 0x0000007032400000| Complete  |  0
|  399|0x0000007032600000, 0x0000007032800000, 0x0000007032800000|100%|HC|  |TAMS 0x0000007032600000| PB 0x0000007032600000| Complete  |  0
|  400|0x0000007032800000, 0x0000007032a00000, 0x0000007032a00000|100%|HC|  |TAMS 0x0000007032800000| PB 0x0000007032800000| Complete  |  0
|  401|0x0000007032a00000, 0x0000007032c00000, 0x0000007032c00000|100%|HC|  |TAMS 0x0000007032a00000| PB 0x0000007032a00000| Complete  |  0
|  402|0x0000007032c00000, 0x0000007032e00000, 0x0000007032e00000|100%|HC|  |TAMS 0x0000007032c00000| PB 0x0000007032c00000| Complete  |  0
|  403|0x0000007032e00000, 0x0000007033000000, 0x0000007033000000|100%|HC|  |TAMS 0x0000007032e00000| PB 0x0000007032e00000| Complete  |  0
|  404|0x0000007033000000, 0x0000007033200000, 0x0000007033200000|100%|HC|  |TAMS 0x0000007033000000| PB 0x0000007033000000| Complete  |  0
|  405|0x0000007033200000, 0x0000007033400000, 0x0000007033400000|100%|HC|  |TAMS 0x0000007033200000| PB 0x0000007033200000| Complete  |  0
|  406|0x0000007033400000, 0x0000007033600000, 0x0000007033600000|100%|HS|  |TAMS 0x0000007033400000| PB 0x0000007033400000| Complete  |  0
|  407|0x0000007033600000, 0x0000007033800000, 0x0000007033800000|100%|HC|  |TAMS 0x0000007033600000| PB 0x0000007033600000| Complete  |  0
|  408|0x0000007033800000, 0x0000007033a00000, 0x0000007033a00000|100%|HC|  |TAMS 0x0000007033800000| PB 0x0000007033800000| Complete  |  0
|  409|0x0000007033a00000, 0x0000007033c00000, 0x0000007033c00000|100%|HC|  |TAMS 0x0000007033a00000| PB 0x0000007033a00000| Complete  |  0
|  410|0x0000007033c00000, 0x0000007033e00000, 0x0000007033e00000|100%|HC|  |TAMS 0x0000007033c00000| PB 0x0000007033c00000| Complete  |  0
|  411|0x0000007033e00000, 0x0000007034000000, 0x0000007034000000|100%|HC|  |TAMS 0x0000007033e00000| PB 0x0000007033e00000| Complete  |  0
|  412|0x0000007034000000, 0x0000007034200000, 0x0000007034200000|100%|HC|  |TAMS 0x0000007034000000| PB 0x0000007034000000| Complete  |  0
|  413|0x0000007034200000, 0x0000007034400000, 0x0000007034400000|100%|HC|  |TAMS 0x0000007034200000| PB 0x0000007034200000| Complete  |  0
|  414|0x0000007034400000, 0x0000007034600000, 0x0000007034600000|100%|HC|  |TAMS 0x0000007034400000| PB 0x0000007034400000| Complete  |  0
|  415|0x0000007034600000, 0x0000007034800000, 0x0000007034800000|100%|HC|  |TAMS 0x0000007034600000| PB 0x0000007034600000| Complete  |  0
|  416|0x0000007034800000, 0x0000007034a00000, 0x0000007034a00000|100%|HC|  |TAMS 0x0000007034800000| PB 0x0000007034800000| Complete  |  0
|  417|0x0000007034a00000, 0x0000007034c00000, 0x0000007034c00000|100%|HC|  |TAMS 0x0000007034a00000| PB 0x0000007034a00000| Complete  |  0
|  418|0x0000007034c00000, 0x0000007034e00000, 0x0000007034e00000|100%|HC|  |TAMS 0x0000007034c00000| PB 0x0000007034c00000| Complete  |  0
|  419|0x0000007034e00000, 0x0000007035000000, 0x0000007035000000|100%|HC|  |TAMS 0x0000007034e00000| PB 0x0000007034e00000| Complete  |  0
|  420|0x0000007035000000, 0x0000007035200000, 0x0000007035200000|100%|HC|  |TAMS 0x0000007035000000| PB 0x0000007035000000| Complete  |  0
|  421|0x0000007035200000, 0x0000007035400000, 0x0000007035400000|100%|HC|  |TAMS 0x0000007035200000| PB 0x0000007035200000| Complete  |  0
|  422|0x0000007035400000, 0x0000007035600000, 0x0000007035600000|100%|HC|  |TAMS 0x0000007035400000| PB 0x0000007035400000| Complete  |  0
|  423|0x0000007035600000, 0x0000007035800000, 0x0000007035800000|100%|HC|  |TAMS 0x0000007035600000| PB 0x0000007035600000| Complete  |  0
|  424|0x0000007035800000, 0x0000007035a00000, 0x0000007035a00000|100%|HC|  |TAMS 0x0000007035800000| PB 0x0000007035800000| Complete  |  0
|  425|0x0000007035a00000, 0x0000007035c00000, 0x0000007035c00000|100%|HC|  |TAMS 0x0000007035a00000| PB 0x0000007035a00000| Complete  |  0
|  426|0x0000007035c00000, 0x0000007035e00000, 0x0000007035e00000|100%|HC|  |TAMS 0x0000007035c00000| PB 0x0000007035c00000| Complete  |  0
|  427|0x0000007035e00000, 0x0000007036000000, 0x0000007036000000|100%|HC|  |TAMS 0x0000007035e00000| PB 0x0000007035e00000| Complete  |  0
|  428|0x0000007036000000, 0x0000007036200000, 0x0000007036200000|100%|HC|  |TAMS 0x0000007036000000| PB 0x0000007036000000| Complete  |  0
|  429|0x0000007036200000, 0x0000007036400000, 0x0000007036400000|100%|HC|  |TAMS 0x0000007036200000| PB 0x0000007036200000| Complete  |  0
|  430|0x0000007036400000, 0x0000007036600000, 0x0000007036600000|100%|HC|  |TAMS 0x0000007036400000| PB 0x0000007036400000| Complete  |  0
|  431|0x0000007036600000, 0x0000007036800000, 0x0000007036800000|100%|HC|  |TAMS 0x0000007036600000| PB 0x0000007036600000| Complete  |  0
|  432|0x0000007036800000, 0x0000007036a00000, 0x0000007036a00000|100%|HC|  |TAMS 0x0000007036800000| PB 0x0000007036800000| Complete  |  0
|  433|0x0000007036a00000, 0x0000007036c00000, 0x0000007036c00000|100%|HC|  |TAMS 0x0000007036a00000| PB 0x0000007036a00000| Complete  |  0
|  434|0x0000007036c00000, 0x0000007036e00000, 0x0000007036e00000|100%|HC|  |TAMS 0x0000007036c00000| PB 0x0000007036c00000| Complete  |  0
|  435|0x0000007036e00000, 0x0000007037000000, 0x0000007037000000|100%|HC|  |TAMS 0x0000007036e00000| PB 0x0000007036e00000| Complete  |  0
|  436|0x0000007037000000, 0x0000007037200000, 0x0000007037200000|100%|HC|  |TAMS 0x0000007037000000| PB 0x0000007037000000| Complete  |  0
|  437|0x0000007037200000, 0x0000007037400000, 0x0000007037400000|100%|HS|  |TAMS 0x0000007037200000| PB 0x0000007037200000| Complete  |  0
|  438|0x0000007037400000, 0x0000007037600000, 0x0000007037600000|100%|HC|  |TAMS 0x0000007037400000| PB 0x0000007037400000| Complete  |  0
|  439|0x0000007037600000, 0x0000007037800000, 0x0000007037800000|100%|HC|  |TAMS 0x0000007037600000| PB 0x0000007037600000| Complete  |  0
|  440|0x0000007037800000, 0x0000007037a00000, 0x0000007037a00000|100%|HC|  |TAMS 0x0000007037800000| PB 0x0000007037800000| Complete  |  0
|  441|0x0000007037a00000, 0x0000007037c00000, 0x0000007037c00000|100%|HC|  |TAMS 0x0000007037a00000| PB 0x0000007037a00000| Complete  |  0
|  442|0x0000007037c00000, 0x0000007037e00000, 0x0000007037e00000|100%|HC|  |TAMS 0x0000007037c00000| PB 0x0000007037c00000| Complete  |  0
|  443|0x0000007037e00000, 0x0000007038000000, 0x0000007038000000|100%|HC|  |TAMS 0x0000007037e00000| PB 0x0000007037e00000| Complete  |  0
|  444|0x0000007038000000, 0x0000007038200000, 0x0000007038200000|100%|HC|  |TAMS 0x0000007038000000| PB 0x0000007038000000| Complete  |  0
|  445|0x0000007038200000, 0x0000007038400000, 0x0000007038400000|100%|HC|  |TAMS 0x0000007038200000| PB 0x0000007038200000| Complete  |  0
|  446|0x0000007038400000, 0x0000007038600000, 0x0000007038600000|100%|HC|  |TAMS 0x0000007038400000| PB 0x0000007038400000| Complete  |  0
|  447|0x0000007038600000, 0x0000007038800000, 0x0000007038800000|100%|HC|  |TAMS 0x0000007038600000| PB 0x0000007038600000| Complete  |  0
|  448|0x0000007038800000, 0x0000007038a00000, 0x0000007038a00000|100%|HC|  |TAMS 0x0000007038800000| PB 0x0000007038800000| Complete  |  0
|  449|0x0000007038a00000, 0x0000007038c00000, 0x0000007038c00000|100%|HC|  |TAMS 0x0000007038a00000| PB 0x0000007038a00000| Complete  |  0
|  450|0x0000007038c00000, 0x0000007038e00000, 0x0000007038e00000|100%|HC|  |TAMS 0x0000007038c00000| PB 0x0000007038c00000| Complete  |  0
|  451|0x0000007038e00000, 0x0000007039000000, 0x0000007039000000|100%|HC|  |TAMS 0x0000007038e00000| PB 0x0000007038e00000| Complete  |  0
|  452|0x0000007039000000, 0x0000007039200000, 0x0000007039200000|100%|HC|  |TAMS 0x0000007039000000| PB 0x0000007039000000| Complete  |  0
|  453|0x0000007039200000, 0x0000007039400000, 0x0000007039400000|100%|HC|  |TAMS 0x0000007039200000| PB 0x0000007039200000| Complete  |  0
|  454|0x0000007039400000, 0x0000007039600000, 0x0000007039600000|100%|HC|  |TAMS 0x0000007039400000| PB 0x0000007039400000| Complete  |  0
|  455|0x0000007039600000, 0x0000007039800000, 0x0000007039800000|100%|HC|  |TAMS 0x0000007039600000| PB 0x0000007039600000| Complete  |  0
|  456|0x0000007039800000, 0x0000007039a00000, 0x0000007039a00000|100%|HC|  |TAMS 0x0000007039800000| PB 0x0000007039800000| Complete  |  0
|  457|0x0000007039a00000, 0x0000007039c00000, 0x0000007039c00000|100%|HC|  |TAMS 0x0000007039a00000| PB 0x0000007039a00000| Complete  |  0
|  458|0x0000007039c00000, 0x0000007039e00000, 0x0000007039e00000|100%|HC|  |TAMS 0x0000007039c00000| PB 0x0000007039c00000| Complete  |  0
|  459|0x0000007039e00000, 0x000000703a000000, 0x000000703a000000|100%|HC|  |TAMS 0x0000007039e00000| PB 0x0000007039e00000| Complete  |  0
|  460|0x000000703a000000, 0x000000703a200000, 0x000000703a200000|100%|HC|  |TAMS 0x000000703a000000| PB 0x000000703a000000| Complete  |  0
|  461|0x000000703a200000, 0x000000703a400000, 0x000000703a400000|100%|HC|  |TAMS 0x000000703a200000| PB 0x000000703a200000| Complete  |  0
|  462|0x000000703a400000, 0x000000703a600000, 0x000000703a600000|100%|HC|  |TAMS 0x000000703a400000| PB 0x000000703a400000| Complete  |  0
|  463|0x000000703a600000, 0x000000703a800000, 0x000000703a800000|100%|HC|  |TAMS 0x000000703a600000| PB 0x000000703a600000| Complete  |  0
|  464|0x000000703a800000, 0x000000703aa00000, 0x000000703aa00000|100%|HC|  |TAMS 0x000000703a800000| PB 0x000000703a800000| Complete  |  0
|  465|0x000000703aa00000, 0x000000703ac00000, 0x000000703ac00000|100%|HC|  |TAMS 0x000000703aa00000| PB 0x000000703aa00000| Complete  |  0
|  466|0x000000703ac00000, 0x000000703ae00000, 0x000000703ae00000|100%|HC|  |TAMS 0x000000703ac00000| PB 0x000000703ac00000| Complete  |  0
|  467|0x000000703ae00000, 0x000000703b000000, 0x000000703b000000|100%|HC|  |TAMS 0x000000703ae00000| PB 0x000000703ae00000| Complete  |  0
| 2045|0x0000007100200000, 0x0000007100400000, 0x0000007100400000|100%| O|  |TAMS 0x0000007100200000| PB 0x0000007100200000| Untracked |  0
| 2046|0x0000007100400000, 0x0000007100600000, 0x0000007100600000|100%| O|  |TAMS 0x0000007100400000| PB 0x0000007100400000| Untracked |  0

Card table byte_map: [0x00000001078f0000,0x00000001080f0000] _byte_map_base: 0x00000000cf8ec000
Refinement table byte_map: [0x0000000114f58000,0x0000000115758000] _byte_map_base: 0x00000000dcf54000

Marking Bits: (CMBitMap*) 0x0000000102bdf110
 Bits: [0x0000000115758000, 0x0000000119758000)

Polling page: 0x0000000102518000

Metaspace:
Metaspace        used 31270K, committed 31872K, reserved 1114112K
 class space     used 4411K, committed 4672K, reserved 1048576K

Usage:
  Non-class:     26.23 MB used.
      Class:      4.31 MB used.
       Both:     30.54 MB used.

Virtual space:
  Non-class space:       64.00 MB reserved,      26.56 MB ( 42%) committed,  1 nodes.
      Class space:        1.00 GB reserved,       4.56 MB ( <1%) committed,  1 nodes.
             Both:        1.06 GB reserved,      31.12 MB (  3%) committed. 

Chunk freelists:
   Non-Class:  4.75 MB
       Class:  11.53 MB
        Both:  16.28 MB

MaxMetaspaceSize: unlimited
CompressedClassSpaceSize: 1.00 GB
Initial GC threshold: 21.00 MB
Current GC threshold: 51.69 MB
CDS: on
 - commit_granule_bytes: 65536.
 - commit_granule_words: 8192.
 - virtual_space_node_default_size: 8388608.
 - enlarge_chunks_in_place: 1.
UseCompressedClassPointers 1, UseCompactObjectHeaders 0
Narrow klass pointer bits 32, Max shift 3
Narrow klass base: 0x000007ff00000000, Narrow klass shift: 0
Encoding Range: [0x000007ff00000000 - 0x0000080000000000), (4294967296 bytes)
Klass Range:    [0x000007ff00000000 - 0x000007ff41000000), (1090519040 bytes)
Klass ID Range:  [8 - 1090519033) (1090519025)
Protection zone: [0x000007ff00000000 - 0x000007ff00004000), (16384 bytes)


Internal statistics:

num_allocs_failed_limit: 3.
num_arena_births: 520.
num_arena_deaths: 128.
num_vsnodes_births: 2.
num_vsnodes_deaths: 0.
num_space_committed: 498.
num_space_uncommitted: 0.
num_chunks_returned_to_freelist: 135.
num_chunks_taken_from_freelist: 1657.
num_chunk_merges: 25.
num_chunk_splits: 1116.
num_chunks_enlarged: 847.
num_inconsistent_stats: 0.

CodeCache: size=49152Kb used=4467Kb max_used=6803Kb free=44684Kb
 bounds [0x0000000111f58000, 0x00000001126d8000, 0x0000000114f58000]
 total_blobs=3266, nmethods=2682, adapters=512, full_count=0
Compilation: enabled, stopped_count=0, restarted_count=0

Compilation events (20 events):
Event: 388.955 Thread 0x0000007aa0c82800 nmethod 17167 0x000000011227c388 code [0x000000011227c480, 0x000000011227c5a0]
Event: 388.955 Thread 0x0000007aa0c82800 17169       1       org.springframework.core.SimpleAliasRegistry::isAlias (11 bytes)
Event: 388.955 Thread 0x0000007a9fcb2800 nmethod 17162 0x00000001121a70c8 code [0x00000001121a71c0, 0x00000001121a73c0]
Event: 388.955 Thread 0x0000007a9fcb2800 17163       1       org.springframework.beans.factory.support.AbstractBeanDefinition::getFactoryBeanName (5 bytes)
Event: 388.955 Thread 0x0000007aa0c82800 nmethod 17169 0x000000011229de08 code [0x000000011229df00, 0x000000011229e018]
Event: 388.955 Thread 0x0000007aa0c82800 17164       1       org.springframework.beans.factory.support.AbstractBeanDefinition::isAbstract (5 bytes)
Event: 388.955 Thread 0x0000007aa0c82800 nmethod 17164 0x0000000112240988 code [0x0000000112240a80, 0x0000000112240b60]
Event: 388.955 Thread 0x0000007aa0c82800 17168       1       org.springframework.beans.factory.support.RootBeanDefinition::getDecoratedDefinition (5 bytes)
Event: 388.955 Thread 0x0000007a9fcb2800 nmethod 17163 0x0000000112278488 code [0x0000000112278580, 0x0000000112278668]
Event: 388.955 Thread 0x0000007a9fcb2800 17150       1       org.springframework.util.ConcurrentReferenceHashMap$Task::hasOption (9 bytes)
Event: 388.955 Thread 0x0000007a9fcb2800 nmethod 17150 0x00000001122cc408 code [0x00000001122cc500, 0x00000001122cc610]
Event: 388.955 Thread 0x0000007aa0c82800 nmethod 17168 0x000000011229c748 code [0x000000011229c840, 0x000000011229c928]
Event: 388.955 Thread 0x0000007aa0c82800 17148       1       org.springframework.core.ResolvableType::forType (17 bytes)
Event: 388.955 Thread 0x0000007a9fa8e800 nmethod 17161 0x00000001122f1908 code [0x00000001122f1a00, 0x00000001122f1d78]
Event: 388.955 Thread 0x0000007aa0c82800 nmethod 17148 0x00000001121e8b88 code [0x00000001121e8c80, 0x00000001121e8e20]
Event: 388.956 Thread 0x0000007aa0c81e00 nmethod 17158 0x0000000112391488 code [0x0000000112391580, 0x00000001123933f8]
Event: 388.963 Thread 0x0000007a9fa8e800 17174       1       org.apache.tomcat.util.net.Acceptor::getState (5 bytes)
Event: 388.963 Thread 0x0000007a9fa8e800 nmethod 17174 0x00000001122a6508 code [0x00000001122a6600, 0x00000001122a66e8]
Event: 390.838 Thread 0x0000007aa0c81e00 17175       1       java.util.HashMap::values (25 bytes)
Event: 390.839 Thread 0x0000007aa0c81e00 nmethod 17175 0x0000000112555c08 code [0x0000000112555d00, 0x0000000112555ef8]

GC Heap Usage History (20 events):
Event: 126.531 {heap Before GC invocations=58 (full 0):
 garbage-first heap   total reserved 4194304K, committed 833536K, used 492512K [0x0000007000800000, 0x0000007100800000)
  region size 2M, 29 eden (58M), 5 survivor (10M), 206 old (412M), 2 humongous (4M), 165 free (330M)
}
Event: 126.535 {heap After GC invocations=59 (full 0):
 garbage-first heap   total reserved 4194304K, committed 833536K, used 497664K [0x0000007000800000, 0x0000007100800000)
  region size 2M, 0 eden (0M), 10 survivor (20M), 231 old (462M), 2 humongous (4M), 164 free (328M)
}
Event: 145.700 {heap Before GC invocations=60 (full 0):
 garbage-first heap   total reserved 4194304K, committed 833536K, used 432128K [0x0000007000800000, 0x0000007100800000)
  region size 2M, 54 eden (108M), 10 survivor (20M), 81 old (162M), 66 humongous (132M), 196 free (392M)
}
Event: 145.705 {heap After GC invocations=61 (full 0):
 garbage-first heap   total reserved 4194304K, committed 833536K, used 218932K [0x0000007000800000, 0x0000007100800000)
  region size 2M, 0 eden (0M), 8 survivor (16M), 97 old (194M), 2 humongous (4M), 300 free (600M)
}
Event: 376.004 {heap Before GC invocations=61 (full 0):
 garbage-first heap   total reserved 4194304K, committed 897024K, used 696116K [0x0000007000800000, 0x0000007100800000)
  region size 2M, 108 eden (216M), 8 survivor (16M), 97 old (194M), 128 humongous (256M), 97 free (194M)
}
Event: 376.007 {heap After GC invocations=62 (full 0):
 garbage-first heap   total reserved 4194304K, committed 897024K, used 200000K [0x0000007000800000, 0x0000007100800000)
  region size 2M, 0 eden (0M), 2 survivor (4M), 94 old (188M), 2 humongous (4M), 340 free (680M)
}
Event: 376.272 {heap Before GC invocations=62 (full 0):
 garbage-first heap   total reserved 4194304K, committed 897024K, used 255296K [0x0000007000800000, 0x0000007100800000)
  region size 2M, 29 eden (58M), 2 survivor (4M), 94 old (188M), 2 humongous (4M), 311 free (622M)
}
Event: 376.294 {heap After GC invocations=63 (full 0):
 garbage-first heap   total reserved 4194304K, committed 897024K, used 258287K [0x0000007000800000, 0x0000007100800000)
  region size 2M, 0 eden (0M), 31 survivor (62M), 94 old (188M), 2 humongous (4M), 311 free (622M)
}
Event: 379.649 {heap Before GC invocations=64 (full 0):
 garbage-first heap   total reserved 4194304K, committed 897024K, used 690415K [0x0000007000800000, 0x0000007100800000)
  region size 2M, 125 eden (250M), 31 survivor (62M), 57 old (114M), 126 humongous (252M), 99 free (198M)
}
Event: 379.671 {heap After GC invocations=65 (full 0):
 garbage-first heap   total reserved 4194304K, committed 897024K, used 180240K [0x0000007000800000, 0x0000007100800000)
  region size 2M, 0 eden (0M), 20 survivor (40M), 67 old (134M), 2 humongous (4M), 349 free (698M)
}
Event: 383.489 {heap Before GC invocations=65 (full 0):
 garbage-first heap   total reserved 4194304K, committed 960512K, used 776208K [0x0000007000800000, 0x0000007100800000)
  region size 2M, 137 eden (274M), 20 survivor (40M), 67 old (134M), 157 humongous (314M), 88 free (176M)
}
Event: 383.491 {heap After GC invocations=66 (full 0):
 garbage-first heap   total reserved 4194304K, committed 708608K, used 146287K [0x0000007000800000, 0x0000007100800000)
  region size 2M, 0 eden (0M), 9 survivor (18M), 62 old (124M), 2 humongous (4M), 273 free (546M)
}
Event: 383.687 {heap Before GC invocations=66 (full 0):
 garbage-first heap   total reserved 4194304K, committed 708608K, used 191343K [0x0000007000800000, 0x0000007100800000)
  region size 2M, 23 eden (46M), 9 survivor (18M), 62 old (124M), 2 humongous (4M), 250 free (500M)
}
Event: 383.697 {heap After GC invocations=67 (full 0):
 garbage-first heap   total reserved 4194304K, committed 708608K, used 191391K [0x0000007000800000, 0x0000007100800000)
  region size 2M, 0 eden (0M), 17 survivor (34M), 76 old (152M), 2 humongous (4M), 251 free (502M)
}
Event: 385.505 {heap Before GC invocations=68 (full 0):
 garbage-first heap   total reserved 4194304K, committed 708608K, used 555935K [0x0000007000800000, 0x0000007100800000)
  region size 2M, 94 eden (188M), 17 survivor (34M), 67 old (134M), 95 humongous (190M), 73 free (146M)
}
Event: 385.510 {heap After GC invocations=69 (full 0):
 garbage-first heap   total reserved 4194304K, committed 708608K, used 263631K [0x0000007000800000, 0x0000007100800000)
  region size 2M, 0 eden (0M), 14 survivor (28M), 83 old (166M), 33 humongous (66M), 216 free (432M)
}
Event: 385.804 {heap Before GC invocations=69 (full 0):
 garbage-first heap   total reserved 4194304K, committed 708608K, used 437711K [0x0000007000800000, 0x0000007100800000)
  region size 2M, 86 eden (172M), 14 survivor (28M), 83 old (166M), 33 humongous (66M), 130 free (260M)
}
Event: 385.826 {heap After GC invocations=70 (full 0):
 garbage-first heap   total reserved 4194304K, committed 708608K, used 362031K [0x0000007000800000, 0x0000007100800000)
  region size 2M, 0 eden (0M), 13 survivor (26M), 163 old (326M), 2 humongous (4M), 168 free (336M)
}
Event: 385.924 {heap Before GC invocations=70 (full 0):
 garbage-first heap   total reserved 4194304K, committed 708608K, used 431663K [0x0000007000800000, 0x0000007100800000)
  region size 2M, 36 eden (72M), 13 survivor (26M), 163 old (326M), 2 humongous (4M), 132 free (264M)
}
Event: 385.932 {heap After GC invocations=71 (full 0):
 garbage-first heap   total reserved 4194304K, committed 708608K, used 432919K [0x0000007000800000, 0x0000007100800000)
  region size 2M, 0 eden (0M), 9 survivor (18M), 202 old (404M), 2 humongous (4M), 133 free (266M)
}

Metaspace Usage History (20 events):
Event: 126.531 {metaspace Before GC invocations=58 (full 0):
 Metaspace       used 31308K, committed 31744K, reserved 1114112K
  class space    used 4423K, committed 4608K, reserved 1048576K
}
Event: 126.535 {metaspace After GC invocations=59 (full 0):
 Metaspace       used 31308K, committed 31744K, reserved 1114112K
  class space    used 4423K, committed 4608K, reserved 1048576K
}
Event: 145.700 {metaspace Before GC invocations=60 (full 0):
 Metaspace       used 31308K, committed 31744K, reserved 1114112K
  class space    used 4423K, committed 4608K, reserved 1048576K
}
Event: 145.705 {metaspace After GC invocations=61 (full 0):
 Metaspace       used 31308K, committed 31744K, reserved 1114112K
  class space    used 4423K, committed 4608K, reserved 1048576K
}
Event: 376.004 {metaspace Before GC invocations=61 (full 0):
 Metaspace       used 31340K, committed 31744K, reserved 1114112K
  class space    used 4431K, committed 4608K, reserved 1048576K
}
Event: 376.007 {metaspace After GC invocations=62 (full 0):
 Metaspace       used 31340K, committed 31744K, reserved 1114112K
  class space    used 4431K, committed 4608K, reserved 1048576K
}
Event: 376.272 {metaspace Before GC invocations=62 (full 0):
 Metaspace       used 31340K, committed 31744K, reserved 1114112K
  class space    used 4431K, committed 4608K, reserved 1048576K
}
Event: 376.294 {metaspace After GC invocations=63 (full 0):
 Metaspace       used 31340K, committed 31744K, reserved 1114112K
  class space    used 4431K, committed 4608K, reserved 1048576K
}
Event: 379.649 {metaspace Before GC invocations=64 (full 0):
 Metaspace       used 31341K, committed 31744K, reserved 1114112K
  class space    used 4432K, committed 4608K, reserved 1048576K
}
Event: 379.671 {metaspace After GC invocations=65 (full 0):
 Metaspace       used 31341K, committed 31744K, reserved 1114112K
  class space    used 4432K, committed 4608K, reserved 1048576K
}
Event: 383.489 {metaspace Before GC invocations=65 (full 0):
 Metaspace       used 31341K, committed 31744K, reserved 1114112K
  class space    used 4432K, committed 4608K, reserved 1048576K
}
Event: 383.491 {metaspace After GC invocations=66 (full 0):
 Metaspace       used 31341K, committed 31744K, reserved 1114112K
  class space    used 4432K, committed 4608K, reserved 1048576K
}
Event: 383.687 {metaspace Before GC invocations=66 (full 0):
 Metaspace       used 31341K, committed 31744K, reserved 1114112K
  class space    used 4432K, committed 4608K, reserved 1048576K
}
Event: 383.697 {metaspace After GC invocations=67 (full 0):
 Metaspace       used 31341K, committed 31744K, reserved 1114112K
  class space    used 4432K, committed 4608K, reserved 1048576K
}
Event: 385.505 {metaspace Before GC invocations=68 (full 0):
 Metaspace       used 31343K, committed 31744K, reserved 1114112K
  class space    used 4433K, committed 4608K, reserved 1048576K
}
Event: 385.510 {metaspace After GC invocations=69 (full 0):
 Metaspace       used 31343K, committed 31744K, reserved 1114112K
  class space    used 4433K, committed 4608K, reserved 1048576K
}
Event: 385.804 {metaspace Before GC invocations=69 (full 0):
 Metaspace       used 31343K, committed 31744K, reserved 1114112K
  class space    used 4433K, committed 4608K, reserved 1048576K
}
Event: 385.826 {metaspace After GC invocations=70 (full 0):
 Metaspace       used 31343K, committed 31744K, reserved 1114112K
  class space    used 4433K, committed 4608K, reserved 1048576K
}
Event: 385.924 {metaspace Before GC invocations=70 (full 0):
 Metaspace       used 31343K, committed 31744K, reserved 1114112K
  class space    used 4433K, committed 4608K, reserved 1048576K
}
Event: 385.932 {metaspace After GC invocations=71 (full 0):
 Metaspace       used 31343K, committed 31744K, reserved 1114112K
  class space    used 4433K, committed 4608K, reserved 1048576K
}

Dll operation events (20 events):
Event: 0.049 Attempting to load shared library /Users/chris/Library/Java/JavaVirtualMachines/openjdk-26.0.1/Contents/Home/lib/libinstrument.dylib
Event: 0.049 Loaded shared library /Users/chris/Library/Java/JavaVirtualMachines/openjdk-26.0.1/Contents/Home/lib/libinstrument.dylib
Event: 0.050 Attempting to load shared library /Users/chris/Library/Java/JavaVirtualMachines/openjdk-26.0.1/Contents/Home/lib/libnio.dylib
Event: 0.053 Loaded shared library /Users/chris/Library/Java/JavaVirtualMachines/openjdk-26.0.1/Contents/Home/lib/libnio.dylib
Event: 0.056 Attempting to load shared library /Users/chris/Library/Java/JavaVirtualMachines/openjdk-26.0.1/Contents/Home/lib/libzip.dylib
Event: 0.056 Loaded shared library /Users/chris/Library/Java/JavaVirtualMachines/openjdk-26.0.1/Contents/Home/lib/libzip.dylib
Event: 0.081 Attempting to load shared library /Users/chris/Library/Java/JavaVirtualMachines/openjdk-26.0.1/Contents/Home/lib/libnet.dylib
Event: 0.081 Loaded shared library /Users/chris/Library/Java/JavaVirtualMachines/openjdk-26.0.1/Contents/Home/lib/libnet.dylib
Event: 0.094 Attempting to load shared library /Users/chris/Library/Java/JavaVirtualMachines/openjdk-26.0.1/Contents/Home/lib/libjimage.dylib
Event: 0.094 Loaded shared library /Users/chris/Library/Java/JavaVirtualMachines/openjdk-26.0.1/Contents/Home/lib/libjimage.dylib
Event: 0.095 Attempting to load shared library /Users/chris/Library/Java/JavaVirtualMachines/openjdk-26.0.1/Contents/Home/lib/libextnet.dylib
Event: 0.096 Loaded shared library /Users/chris/Library/Java/JavaVirtualMachines/openjdk-26.0.1/Contents/Home/lib/libextnet.dylib
Event: 0.856 Attempting to load shared library /Users/chris/Library/Java/JavaVirtualMachines/openjdk-26.0.1/Contents/Home/lib/libmanagement.dylib
Event: 0.857 Loaded shared library /Users/chris/Library/Java/JavaVirtualMachines/openjdk-26.0.1/Contents/Home/lib/libmanagement.dylib
Event: 0.857 Attempting to load shared library /Users/chris/Library/Java/JavaVirtualMachines/openjdk-26.0.1/Contents/Home/lib/libmanagement_ext.dylib
Event: 0.858 Loaded shared library /Users/chris/Library/Java/JavaVirtualMachines/openjdk-26.0.1/Contents/Home/lib/libmanagement_ext.dylib
Event: 16.205 Attempting to load shared library /private/var/folders/_q/hbccdl_96tnfqghg2lzzrw4c0000gn/T/onnxruntime-java18330452673258574370/libonnxruntime.dylib
Event: 16.750 Loaded shared library /private/var/folders/_q/hbccdl_96tnfqghg2lzzrw4c0000gn/T/onnxruntime-java18330452673258574370/libonnxruntime.dylib
Event: 16.755 Attempting to load shared library /private/var/folders/_q/hbccdl_96tnfqghg2lzzrw4c0000gn/T/onnxruntime-java18330452673258574370/libonnxruntime4j_jni.dylib
Event: 16.913 Loaded shared library /private/var/folders/_q/hbccdl_96tnfqghg2lzzrw4c0000gn/T/onnxruntime-java18330452673258574370/libonnxruntime4j_jni.dylib

Deoptimization events (20 events):
Event: 1.022 Thread 0x0000000102bd2a40 DEOPT PACKING pc=0x0000000112322a30 sp=0x000000016dba9870
Event: 1.022 Thread 0x0000000102bd2a40 DEOPT UNPACKING pc=0x0000000111f953bc sp=0x000000016dba9580 mode 3
Event: 1.023 Thread 0x0000000102bd2a40 DEOPT PACKING pc=0x000000011252280c sp=0x000000016dba9a00
Event: 1.023 Thread 0x0000000102bd2a40 DEOPT UNPACKING pc=0x0000000111f953bc sp=0x000000016dba9710 mode 3
Event: 1.025 Thread 0x0000000102bd2a40 DEOPT PACKING pc=0x0000000112321ad8 sp=0x000000016dba89b0
Event: 1.025 Thread 0x0000000102bd2a40 DEOPT UNPACKING pc=0x0000000111f953bc sp=0x000000016dba86f0 mode 3
Event: 1.127 Thread 0x0000000102bd2a40 DEOPT PACKING pc=0x000000011255ec30 sp=0x000000016dba9d00
Event: 1.127 Thread 0x0000000102bd2a40 DEOPT UNPACKING pc=0x0000000111f953bc sp=0x000000016dba99f0 mode 3
Event: 1.147 Thread 0x0000000102bd2a40 DEOPT PACKING pc=0x00000001123ca440 sp=0x000000016dba9e00
Event: 1.147 Thread 0x0000000102bd2a40 DEOPT UNPACKING pc=0x0000000111f953bc sp=0x000000016dba9ac0 mode 3
Event: 17.800 Thread 0x0000007a9f416800 DEOPT PACKING pc=0x00000001121c8ea8 sp=0x0000000171e3fac0
Event: 17.800 Thread 0x0000007a9f416800 DEOPT UNPACKING pc=0x0000000111f953bc sp=0x0000000171e3f780 mode 3
Event: 104.000 Thread 0x0000007a9f416800 DEOPT PACKING pc=0x0000000112338c74 sp=0x0000000171e40900
Event: 104.000 Thread 0x0000007a9f416800 DEOPT UNPACKING pc=0x0000000111f953bc sp=0x0000000171e40560 mode 3
Event: 161.014 Thread 0x0000007a9f477000 DEOPT PACKING pc=0x000000011241a35c sp=0x0000000172e9f9f0
Event: 161.014 Thread 0x0000007a9f477000 DEOPT UNPACKING pc=0x0000000111f953bc sp=0x0000000172e9f7c0 mode 3
Event: 385.369 Thread 0x0000007a9f474800 DEOPT PACKING pc=0x00000001123fc430 sp=0x0000000172464ab0
Event: 385.369 Thread 0x0000007a9f474800 DEOPT UNPACKING pc=0x0000000111f953bc sp=0x0000000172464790 mode 3
Event: 388.957 Thread 0x0000007a9f482800 DEOPT PACKING pc=0x0000000112379a60 sp=0x000000017507df70
Event: 388.957 Thread 0x0000007a9f482800 DEOPT UNPACKING pc=0x0000000111f953bc sp=0x000000017507dc90 mode 3

Classes loaded (20 events):
Event: 161.016 Loading class java/util/stream/SliceOps$3
Event: 161.016 Loading class java/util/stream/LongPipeline$StatefulOp
Event: 161.016 Loading class java/util/stream/LongPipeline$StatefulOp done
Event: 161.016 Loading class java/util/stream/SliceOps$3 done
Event: 161.016 Loading class java/util/stream/ForEachOps$ForEachOp$OfLong
Event: 161.016 Loading class java/util/stream/ForEachOps$ForEachOp$OfLong done
Event: 161.016 Loading class java/util/stream/SliceOps$3$1
Event: 161.016 Loading class java/util/stream/Sink$ChainedLong
Event: 161.016 Loading class java/util/stream/Sink$ChainedLong done
Event: 161.016 Loading class java/util/stream/SliceOps$3$1 done
Event: 385.369 Loading class java/util/concurrent/locks/ReentrantReadWriteLock$Sync$HoldCounter
Event: 385.369 Loading class java/util/concurrent/locks/ReentrantReadWriteLock$Sync$HoldCounter done
Event: 388.949 Loading class jdk/internal/misc/Signal$1
Event: 388.949 Loading class jdk/internal/misc/Signal$1 done
Event: 388.951 Loading class java/util/WeakHashMap$KeyIterator
Event: 388.951 Loading class java/util/WeakHashMap$HashIterator
Event: 388.951 Loading class java/util/WeakHashMap$HashIterator done
Event: 388.951 Loading class java/util/WeakHashMap$KeyIterator done
Event: 388.957 Loading class java/util/concurrent/locks/AbstractQueuedSynchronizer$SharedNode
Event: 388.957 Loading class java/util/concurrent/locks/AbstractQueuedSynchronizer$SharedNode done

Classes unloaded (20 events):
Event: 386.010 Thread 0x0000007aa0869c00 Unloading class 0x000007ff012c5c00 'java/lang/invoke/LambdaForm$MH+0x000007ff012c5c00'
Event: 386.010 Thread 0x0000007aa0869c00 Unloading class 0x000007ff012c5800 'java/lang/invoke/LambdaForm$MH+0x000007ff012c5800'
Event: 386.010 Thread 0x0000007aa0869c00 Unloading class 0x000007ff012c5400 'java/lang/invoke/LambdaForm$BMH+0x000007ff012c5400'
Event: 386.010 Thread 0x0000007aa0869c00 Unloading class 0x000007ff0122c800 'java/lang/invoke/LambdaForm$MH+0x000007ff0122c800'
Event: 386.010 Thread 0x0000007aa0869c00 Unloading class 0x000007ff0122c000 'java/lang/invoke/LambdaForm$MH+0x000007ff0122c000'
Event: 386.010 Thread 0x0000007aa0869c00 Unloading class 0x000007ff01214400 'java/lang/invoke/LambdaForm$DMH+0x000007ff01214400'
Event: 386.010 Thread 0x0000007aa0869c00 Unloading class 0x000007ff01133800 'java/lang/invoke/LambdaForm$MH+0x000007ff01133800'
Event: 386.010 Thread 0x0000007aa0869c00 Unloading class 0x000007ff01133400 'java/lang/invoke/LambdaForm$MH+0x000007ff01133400'
Event: 386.010 Thread 0x0000007aa0869c00 Unloading class 0x000007ff01131400 'java/lang/invoke/LambdaForm$MH+0x000007ff01131400'
Event: 386.010 Thread 0x0000007aa0869c00 Unloading class 0x000007ff0111d800 'java/lang/invoke/LambdaForm$MH+0x000007ff0111d800'
Event: 386.010 Thread 0x0000007aa0869c00 Unloading class 0x000007ff0111d400 'java/lang/invoke/LambdaForm$MH+0x000007ff0111d400'
Event: 386.010 Thread 0x0000007aa0869c00 Unloading class 0x000007ff0111d000 'java/lang/invoke/LambdaForm$MH+0x000007ff0111d000'
Event: 386.010 Thread 0x0000007aa0869c00 Unloading class 0x000007ff01108000 'java/lang/invoke/LambdaForm$DMH+0x000007ff01108000'
Event: 386.010 Thread 0x0000007aa0869c00 Unloading class 0x000007ff0109c800 'java/lang/invoke/LambdaForm$MH+0x000007ff0109c800'
Event: 386.010 Thread 0x0000007aa0869c00 Unloading class 0x000007ff0106d000 'java/lang/invoke/LambdaForm$BMH+0x000007ff0106d000'
Event: 386.010 Thread 0x0000007aa0869c00 Unloading class 0x000007ff0105c000 'java/lang/invoke/LambdaForm$DMH+0x000007ff0105c000'
Event: 386.010 Thread 0x0000007aa0869c00 Unloading class 0x000007ff01042000 'java/lang/invoke/LambdaForm$MH+0x000007ff01042000'
Event: 386.010 Thread 0x0000007aa0869c00 Unloading class 0x000007ff01041c00 'java/lang/invoke/LambdaForm$MH+0x000007ff01041c00'
Event: 386.010 Thread 0x0000007aa0869c00 Unloading class 0x000007ff01041800 'java/lang/invoke/LambdaForm$MH+0x000007ff01041800'
Event: 386.010 Thread 0x0000007aa0869c00 Unloading class 0x000007ff01041000 'java/lang/invoke/LambdaForm$MH+0x000007ff01041000'

Classes redefined (0 events):
No events

Internal exceptions (20 events):
Event: 376.940 Thread 0x0000007a9f474000 Exception <a 'sun/nio/fs/UnixException'{0x0000007036c03330}> (0x0000007036c03330) 
thrown [open/src/hotspot/share/prims/jni.cpp, line 514]
Event: 377.778 Thread 0x0000007a9f474800 Exception <a 'sun/nio/fs/UnixException'{0x000000702f1923e0}> (0x000000702f1923e0) 
thrown [open/src/hotspot/share/prims/jni.cpp, line 514]
Event: 378.599 Thread 0x0000007a9f475000 Exception <a 'sun/nio/fs/UnixException'{0x000000702b002af0}> (0x000000702b002af0) 
thrown [open/src/hotspot/share/prims/jni.cpp, line 514]
Event: 379.379 Thread 0x0000007a9f475800 Exception <a 'sun/nio/fs/UnixException'{0x0000007027391788}> (0x0000007027391788) 
thrown [open/src/hotspot/share/prims/jni.cpp, line 514]
Event: 380.230 Thread 0x0000007a9f476000 Exception <a 'sun/nio/fs/UnixException'{0x0000007036a03358}> (0x0000007036a03358) 
thrown [open/src/hotspot/share/prims/jni.cpp, line 514]
Event: 381.059 Thread 0x0000007a9f474000 Exception <a 'sun/nio/fs/UnixException'{0x0000007032de43d8}> (0x0000007032de43d8) 
thrown [open/src/hotspot/share/prims/jni.cpp, line 514]
Event: 381.838 Thread 0x0000007a9f474800 Exception <a 'sun/nio/fs/UnixException'{0x000000702ed77988}> (0x000000702ed77988) 
thrown [open/src/hotspot/share/prims/jni.cpp, line 514]
Event: 382.615 Thread 0x0000007a9f475000 Exception <a 'sun/nio/fs/UnixException'{0x000000702ac02b20}> (0x000000702ac02b20) 
thrown [open/src/hotspot/share/prims/jni.cpp, line 514]
Event: 383.415 Thread 0x0000007a9f475800 Exception <a 'sun/nio/fs/UnixException'{0x0000007036d65ef0}> (0x0000007036d65ef0) 
thrown [open/src/hotspot/share/prims/jni.cpp, line 514]
Event: 384.205 Thread 0x0000007a9f476000 Exception <a 'sun/nio/fs/UnixException'{0x000000702b403320}> (0x000000702b403320) 
thrown [open/src/hotspot/share/prims/jni.cpp, line 514]
Event: 384.942 Thread 0x0000007a9f474000 Exception <a 'sun/nio/fs/UnixException'{0x0000007025513c40}> (0x0000007025513c40) 
thrown [open/src/hotspot/share/prims/jni.cpp, line 514]
Event: 385.370 Thread 0x0000007a9f474800 Exception <a 'sun/nio/fs/UnixException'{0x0000007021402ba8}> (0x0000007021402ba8) 
thrown [open/src/hotspot/share/prims/jni.cpp, line 514]
Event: 385.370 Thread 0x0000007a9f416800 Exception <a 'sun/nio/fs/UnixException'{0x0000007021502af0}> (0x0000007021502af0) 
thrown [open/src/hotspot/share/prims/jni.cpp, line 514]
Event: 385.372 Thread 0x0000007a9f476800 Exception <a 'sun/nio/fs/UnixException'{0x0000007021719fc8}> (0x0000007021719fc8) 
thrown [open/src/hotspot/share/prims/jni.cpp, line 514]
Event: 385.375 Thread 0x0000007a9f475000 Exception <a 'sun/nio/fs/UnixException'{0x0000007021202b20}> (0x0000007021202b20) 
thrown [open/src/hotspot/share/prims/jni.cpp, line 514]
Event: 385.376 Thread 0x0000007a9f477000 Exception <a 'sun/nio/fs/UnixException'{0x0000007021302b08}> (0x0000007021302b08) 
thrown [open/src/hotspot/share/prims/jni.cpp, line 514]
Event: 385.754 Thread 0x0000007a9fb8f800 Exception <a 'sun/nio/fs/UnixException'{0x00000070230cdd60}> (0x00000070230cdd60) 
thrown [open/src/hotspot/share/prims/jni.cpp, line 514]
Event: 388.954 Thread 0x0000007a9f482800 Exception <a 'java/lang/NoSuchMethodError'{0x000000701d3ee388}: 'java.lang.Object java.lang.invoke.DirectMethodHandle$Holder.newInvokeSpecial(java.lang.Object, java.lang.Object, java.lang.Object, java.lang.Object, int)'> (0x000000701d3ee388) 
thrown [open/src/hotspot/share/interpreter/linkResolver.cpp, line 804]
Event: 388.954 Thread 0x0000007a9f482800 Exception <a 'java/lang/NoSuchMethodError'{0x000000701d3f6ad0}: 'java.lang.Object java.lang.invoke.DirectMethodHandle$Holder.invokeSpecial(java.lang.Object, java.lang.Object, java.lang.Object, java.lang.Object, java.lang.Object, int)'> (0x000000701d3f6ad0) 
thrown [open/src/hotspot/share/interpreter/linkResolver.cpp, line 804]
Event: 388.955 Thread 0x0000007a9f482800 Exception <a 'java/lang/NoSuchMethodError'{0x000000701d031ed8}: 'java.lang.Object java.lang.invoke.Invokers$Holder.linkToTargetMethod(java.lang.Object, java.lang.Object, java.lang.Object, int, java.lang.Object)'> (0x000000701d031ed8) 
thrown [open/src/hotspot/share/interpreter/linkResolver.cpp, line 804]

VM Operations (20 events):
Event: 379.649 Executing safepoint VM operation: G1CollectForAllocation (G1 Evacuation Pause)
Event: 379.671 Executing safepoint VM operation: G1CollectForAllocation (G1 Evacuation Pause) done
Event: 383.489 Executing safepoint VM operation: G1CollectForAllocation (G1 Evacuation Pause)
Event: 383.491 Executing safepoint VM operation: G1CollectForAllocation (G1 Evacuation Pause) done
Event: 383.687 Executing safepoint VM operation: G1TryInitiateConcMark (G1 Humongous Allocation)
Event: 383.697 Executing safepoint VM operation: G1TryInitiateConcMark (G1 Humongous Allocation) done
Event: 383.724 Executing safepoint VM operation: G1PauseRemark
Event: 383.725 Executing safepoint VM operation: G1PauseRemark done
Event: 383.737 Executing safepoint VM operation: G1PauseCleanup
Event: 383.737 Executing safepoint VM operation: G1PauseCleanup done
Event: 385.505 Executing safepoint VM operation: G1CollectForAllocation (G1 Evacuation Pause)
Event: 385.510 Executing safepoint VM operation: G1CollectForAllocation (G1 Evacuation Pause) done
Event: 385.804 Executing safepoint VM operation: G1CollectForAllocation (G1 Evacuation Pause)
Event: 385.826 Executing safepoint VM operation: G1CollectForAllocation (G1 Evacuation Pause) done
Event: 385.924 Executing safepoint VM operation: G1TryInitiateConcMark (G1 Humongous Allocation)
Event: 385.932 Executing safepoint VM operation: G1TryInitiateConcMark (G1 Humongous Allocation) done
Event: 385.993 Executing safepoint VM operation: G1PauseRemark
Event: 386.066 Executing safepoint VM operation: G1PauseRemark done
Event: 386.112 Executing safepoint VM operation: G1PauseCleanup
Event: 386.112 Executing safepoint VM operation: G1PauseCleanup done

Memory protections (20 events):
Event: 377.708 Protecting memory [0x00000001709d4000,0x00000001709e0000] with protection modes 0
Event: 378.589 Protecting memory [0x0000000171204000,0x0000000171210000] with protection modes 0
Event: 379.364 Protecting memory [0x00000001734d0000,0x00000001734dc000] with protection modes 0
Event: 380.219 Protecting memory [0x00000001738e8000,0x00000001738f4000] with protection modes 0
Event: 381.017 Protecting memory [0x0000000173af4000,0x0000000173b00000] with protection modes 0
Event: 381.831 Protecting memory [0x0000000173d00000,0x0000000173d0c000] with protection modes 0
Event: 382.599 Protecting memory [0x0000000173f0c000,0x0000000173f18000] with protection modes 0
Event: 384.929 Protecting memory [0x0000000174118000,0x0000000174124000] with protection modes 0
Event: 388.950 Protecting memory [0x0000000174c70000,0x0000000174c7c000] with protection modes 0
Event: 388.950 Protecting memory [0x0000000174e7c000,0x0000000174e88000] with protection modes 0
Event: 388.950 Protecting memory [0x0000000175088000,0x0000000175094000] with protection modes 0
Event: 388.950 Protecting memory [0x0000000175294000,0x00000001752a0000] with protection modes 0
Event: 388.951 Protecting memory [0x0000000175088000,0x0000000175094000] with protection modes 3
Event: 388.951 Protecting memory [0x0000000175294000,0x00000001752a0000] with protection modes 3
Event: 388.953 Protecting memory [0x0000000175088000,0x0000000175094000] with protection modes 0
Event: 388.954 Protecting memory [0x0000000175294000,0x00000001752a0000] with protection modes 0
Event: 388.957 Protecting memory [0x00000001754a0000,0x00000001754ac000] with protection modes 0
Event: 388.965 Protecting memory [0x00000001732c4000,0x00000001732d0000] with protection modes 3
Event: 390.838 Protecting memory [0x0000000175294000,0x00000001752a0000] with protection modes 3
Event: 390.838 Protecting memory [0x0000000175088000,0x0000000175094000] with protection modes 3

Nmethod flushes (20 events):
Event: 376.345 Thread 0x0000007aa0869c00 flushing  nmethod 0x0000000112508e48
Event: 376.345 Thread 0x0000007aa0869c00 flushing  nmethod 0x0000000112509fc8
Event: 376.345 Thread 0x0000007aa0869c00 flushing  nmethod 0x000000011250a308
Event: 376.345 Thread 0x0000007aa0869c00 flushing  nmethod 0x000000011250a508
Event: 376.345 Thread 0x0000007aa0869c00 flushing  nmethod 0x000000011250a988
Event: 376.345 Thread 0x0000007aa0869c00 flushing  nmethod 0x000000011250ab88
Event: 376.345 Thread 0x0000007aa0869c00 flushing  nmethod 0x000000011250b2c8
Event: 376.345 Thread 0x0000007aa0869c00 flushing  nmethod 0x000000011250ba48
Event: 376.345 Thread 0x0000007aa0869c00 flushing  nmethod 0x000000011250bd48
Event: 376.345 Thread 0x0000007aa0869c00 flushing  nmethod 0x000000011250c208
Event: 376.345 Thread 0x0000007aa0869c00 flushing  nmethod 0x000000011259c148
Event: 376.345 Thread 0x0000007aa0869c00 flushing  nmethod 0x000000011259ca88
Event: 376.345 Thread 0x0000007aa0869c00 flushing  nmethod 0x000000011259ce88
Event: 376.345 Thread 0x0000007aa0869c00 flushing  nmethod 0x000000011259d808
Event: 376.345 Thread 0x0000007aa0869c00 flushing  nmethod 0x000000011259ddc8
Event: 376.345 Thread 0x0000007aa0869c00 flushing  nmethod 0x000000011259e1c8
Event: 376.345 Thread 0x0000007aa0869c00 flushing  nmethod 0x000000011259e7c8
Event: 376.345 Thread 0x0000007aa0869c00 flushing  nmethod 0x000000011259ea08
Event: 376.345 Thread 0x0000007aa0869c00 flushing  nmethod 0x000000011259eec8
Event: 383.725 Thread 0x0000007aa0869c00 flushing  nmethod 0x0000000112419e88

Events (20 events):
Event: 377.708 Thread 0x0000007a9f474000 Thread added: 0x0000007a9fa9a800
Event: 378.589 Thread 0x0000007a9f474800 Thread added: 0x0000007a9fa98000
Event: 379.364 Thread 0x0000007a9f475000 Thread added: 0x0000007a9f3fd000
Event: 380.219 Thread 0x0000007a9f475800 Thread added: 0x0000007a9ec14000
Event: 381.017 Thread 0x0000007a9f476000 Thread added: 0x0000007a9ec17000
Event: 381.831 Thread 0x0000007a9f474000 Thread added: 0x0000007a9fb8c800
Event: 382.599 Thread 0x0000007a9f474800 Thread added: 0x0000007a9fb8c000
Event: 384.929 Thread 0x0000007aa0c81e00 Thread added: 0x0000007a9fa8e800
Event: 388.950 Thread 0x0000007aa0871800 Thread added: 0x0000007a9f483000
Event: 388.950 Thread 0x0000007a9f483000 Thread added: 0x0000007a9f482800
Event: 388.950 Thread 0x0000007a9f483000 Thread added: 0x0000007a9f482000
Event: 388.950 Thread 0x0000007a9f483000 Thread added: 0x0000007a9f91a800
Event: 388.951 Thread 0x0000007a9f482000 Thread exited: 0x0000007a9f482000
Event: 388.951 Thread 0x0000007a9f91a800 Thread exited: 0x0000007a9f91a800
Event: 388.953 Thread 0x0000007a9fa8e800 Thread added: 0x0000007a9fcb2800
Event: 388.954 Thread 0x0000007a9fa8e800 Thread added: 0x0000007aa0c82800
Event: 388.957 Thread 0x0000007a9f482800 Thread added: 0x0000007a9f919000
Event: 388.965 Thread 0x0000007a9f480800 Thread exited: 0x0000007a9f480800
Event: 390.838 Thread 0x0000007aa0c82800 Thread exited: 0x0000007aa0c82800
Event: 390.838 Thread 0x0000007a9fcb2800 Thread exited: 0x0000007a9fcb2800


Dynamic libraries:
0x0000000102524000 	/Users/chris/Library/Java/JavaVirtualMachines/openjdk-26.0.1/Contents/Home/lib/libjli.dylib
0x00000001b7d29000 	/System/Library/Frameworks/ApplicationServices.framework/Versions/A/ApplicationServices
0x000000019f78d000 	/System/Library/Frameworks/CoreGraphics.framework/Versions/A/CoreGraphics
0x000000019ba96000 	/System/Library/Frameworks/CoreText.framework/Versions/A/CoreText
0x00000001a614b000 	/System/Library/Frameworks/ImageIO.framework/Versions/A/ImageIO
0x000000019ff3e000 	/System/Library/Frameworks/ColorSync.framework/Versions/A/ColorSync
0x00000001adf16000 	/System/Library/Frameworks/ApplicationServices.framework/Versions/A/Frameworks/ATS.framework/Versions/A/ATS
0x00000001b38fd000 	/System/Library/Frameworks/CoreServices.framework/Versions/A/CoreServices
0x00000001a00ec000 	/System/Library/Frameworks/ApplicationServices.framework/Versions/A/Frameworks/HIServices.framework/Versions/A/HIServices
0x00000001ac0cf000 	/System/Library/Frameworks/ApplicationServices.framework/Versions/A/Frameworks/PrintCore.framework/Versions/A/PrintCore
0x00000001ae267000 	/System/Library/Frameworks/ApplicationServices.framework/Versions/A/Frameworks/QD.framework/Versions/A/QD
0x00000001ae262000 	/System/Library/Frameworks/ApplicationServices.framework/Versions/A/Frameworks/ColorSyncLegacy.framework/Versions/A/ColorSyncLegacy
0x00000001adf0b000 	/System/Library/Frameworks/ApplicationServices.framework/Versions/A/Frameworks/SpeechSynthesis.framework/Versions/A/SpeechSynthesis
0x00000001a9592000 	/usr/lib/libSystem.B.dylib
0x000000019f167000 	/System/Library/PrivateFrameworks/SkyLight.framework/Versions/A/SkyLight
0x00000001a0d99000 	/System/Library/PrivateFrameworks/ProtocolBuffer.framework/Versions/A/ProtocolBuffer
0x00000001a9596000 	/System/Library/PrivateFrameworks/SoftLinking.framework/Versions/A/SoftLinking
0x000000019c855000 	/usr/lib/libicucore.A.dylib
0x00000001a2ac4000 	/System/Library/PrivateFrameworks/CoreAnalytics.framework/Versions/A/CoreAnalytics
0x00000001a5b75000 	/System/Library/PrivateFrameworks/FontServices.framework/libFontParser.dylib
0x00000001b3b03000 	/System/Library/Frameworks/Accelerate.framework/Versions/A/Accelerate
0x00000001a555c000 	/System/Library/Frameworks/IOSurface.framework/Versions/A/IOSurface
0x00000001a3832000 	/usr/lib/libxml2.2.dylib
0x000000019ed08000 	/System/Library/Frameworks/CFNetwork.framework/Versions/A/CFNetwork
0x0000000198aaa000 	/System/Library/Frameworks/CoreFoundation.framework/Versions/A/CoreFoundation
0x000000019a1f4000 	/System/Library/Frameworks/Foundation.framework/Versions/C/Foundation
0x00000001a94df000 	/usr/lib/libz.1.dylib
0x00000001985e0000 	/usr/lib/libobjc.A.dylib
0x0000000198975000 	/usr/lib/libc++.1.dylib
0x000000019c44e000 	/System/Library/Frameworks/Security.framework/Versions/A/Security
0x00000002485e0000 	/System/Library/PrivateFrameworks/CollectionsInternal.framework/Versions/A/CollectionsInternal
0x00000001ad647000 	/usr/lib/swift/libswiftCore.dylib
0x00000001c972b000 	/usr/lib/swift/libswiftCoreFoundation.dylib
0x00000001b552d000 	/usr/lib/swift/libswiftDispatch.dylib
0x00000001c9785000 	/usr/lib/swift/libswiftIOKit.dylib
0x00000001b816c000 	/usr/lib/swift/libswiftObjectiveC.dylib
0x00000001c973a000 	/usr/lib/swift/libswiftXPC.dylib
0x00000002c012e000 	/usr/lib/swift/libswift_Builtin_float.dylib
0x00000002444cf000 	/System/Library/PrivateFrameworks/BiomeLibrary.framework/Versions/A/BiomeLibrary
0x00000001a1049000 	/System/Library/PrivateFrameworks/BaseBoard.framework/Versions/A/BaseBoard
0x00000001b5888000 	/System/Library/PrivateFrameworks/BoardServices.framework/Versions/A/BoardServices
0x00000001b7692000 	/System/Library/PrivateFrameworks/BackBoardServices.framework/Versions/A/BackBoardServices
0x0000000244379000 	/System/Library/PrivateFrameworks/BackBoardHIDEventFoundation.framework/Versions/A/BackBoardHIDEventFoundation
0x00000001a3919000 	/System/Library/Frameworks/CoreVideo.framework/Versions/A/CoreVideo
0x00000001a2afb000 	/usr/lib/libDiagnosticMessagesClient.dylib
0x000000019b5b8000 	/System/Library/Frameworks/CoreDisplay.framework/Versions/A/CoreDisplay
0x00000001a884e000 	/usr/lib/libbsm.0.dylib
0x00000001ab7de000 	/System/Library/Frameworks/VideoToolbox.framework/Versions/A/VideoToolbox
0x00000001a97d2000 	/System/Library/Frameworks/MetalPerformanceShaders.framework/Versions/A/MetalPerformanceShaders
0x00000001a8122000 	/System/Library/PrivateFrameworks/IOMobileFramebuffer.framework/Versions/A/IOMobileFramebuffer
0x000000029a955000 	/System/Library/PrivateFrameworks/ProDisplayLibrary.framework/Versions/A/ProDisplayLibrary
0x00000001bb63e000 	/System/Library/PrivateFrameworks/IOSurfaceAccelerator.framework/Versions/A/IOSurfaceAccelerator
0x00000001a111e000 	/System/Library/PrivateFrameworks/RunningBoardServices.framework/Versions/A/RunningBoardServices
0x0000000199e5f000 	/System/Library/Frameworks/SystemConfiguration.framework/Versions/A/SystemConfiguration
0x00000001a557f000 	/System/Library/Frameworks/Metal.framework/Versions/A/Metal
0x00000001a5575000 	/System/Library/PrivateFrameworks/IOAccelerator.framework/Versions/A/IOAccelerator
0x00000001a582c000 	/System/Library/Frameworks/CoreMedia.framework/Versions/A/CoreMedia
0x000000019f141000 	/System/Library/PrivateFrameworks/TCC.framework/Versions/A/TCC
0x000000019f09e000 	/usr/lib/libMobileGestalt.dylib
0x00000001ab797000 	/System/Library/PrivateFrameworks/WatchdogClient.framework/Versions/A/WatchdogClient
0x00000001a301f000 	/System/Library/Frameworks/QuartzCore.framework/Versions/A/QuartzCore
0x000000019ceaf000 	/System/Library/Frameworks/IOKit.framework/Versions/A/IOKit
0x00000001a97da000 	/usr/lib/libcompression.dylib
0x00000001ab799000 	/System/Library/PrivateFrameworks/MultitouchSupport.framework/Versions/A/MultitouchSupport
0x00000002443c9000 	/System/Library/PrivateFrameworks/BackBoardHIDTouchEventProcessor.framework/Versions/A/BackBoardHIDTouchEventProcessor
0x000000025ee60000 	/System/Library/PrivateFrameworks/Gestures.framework/Versions/A/Gestures
0x00000001e0c87000 	/usr/lib/swift/libswiftAccelerate.dylib
0x00000001c970c000 	/usr/lib/swift/libswiftCoreAudio.dylib
0x00000001d6df1000 	/usr/lib/swift/libswiftMetal.dylib
0x00000001e67d6000 	/usr/lib/swift/libswiftOSLog.dylib
0x00000001dc591000 	/usr/lib/swift/libswiftQuartzCore.dylib
0x00000001e0193000 	/usr/lib/swift/libswiftUniformTypeIdentifiers.dylib
0x00000001b8170000 	/usr/lib/swift/libswiftos.dylib
0x00000001cce31000 	/usr/lib/swift/libswiftsimd.dylib
0x00000001d85e0000 	/System/Library/PrivateFrameworks/BiomeStreams.framework/Versions/A/BiomeStreams
0x00000001de252000 	/System/Library/PrivateFrameworks/BiomeStorage.framework/Versions/A/BiomeStorage
0x00000001d4566000 	/System/Library/PrivateFrameworks/BiomeFoundation.framework/Versions/A/BiomeFoundation
0x00000002724a4000 	/System/Library/PrivateFrameworks/IntelligencePlatformLibrary.framework/Versions/A/IntelligencePlatformLibrary
0x00000001a0db0000 	/usr/lib/libsqlite3.dylib
0x0000000298cbb000 	/System/Library/PrivateFrameworks/PoirotSchematizer.framework/Versions/A/PoirotSchematizer
0x0000000244d0f000 	/System/Library/PrivateFrameworks/BiomeSync.framework/Versions/A/BiomeSync
0x00000001db1ea000 	/System/Library/PrivateFrameworks/OSAnalytics.framework/Versions/A/OSAnalytics
0x00000002444bb000 	/System/Library/PrivateFrameworks/BiomeDSL.framework/Versions/A/BiomeDSL
0x00000001de201000 	/System/Library/PrivateFrameworks/BiomePubSub.framework/Versions/A/BiomePubSub
0x00000001c960d000 	/System/Library/PrivateFrameworks/LoggingSupport.framework/Versions/A/LoggingSupport
0x00000001b970c000 	/System/Library/PrivateFrameworks/ProactiveSupport.framework/Versions/A/ProactiveSupport
0x00000001f7b0f000 	/System/Library/PrivateFrameworks/FeatureFlags.framework/Versions/A/FeatureFlags
0x00000001ef96e000 	/System/Library/PrivateFrameworks/InternalSwiftProtobuf.framework/Versions/A/InternalSwiftProtobuf
0x0000000298d78000 	/System/Library/PrivateFrameworks/PoirotUDFs.framework/Versions/A/PoirotUDFs
0x00000002c0705000 	/usr/lib/swift/libswift_StringProcessing.dylib
0x00000001a958d000 	/usr/lib/system/libcache.dylib
0x00000001a954a000 	/usr/lib/system/libcommonCrypto.dylib
0x00000001a9573000 	/usr/lib/system/libcompiler_rt.dylib
0x00000001a9568000 	/usr/lib/system/libcopyfile.dylib
0x000000019879b000 	/usr/lib/system/libcorecrypto.dylib
0x00000001988a7000 	/usr/lib/system/libdispatch.dylib
0x000000019863b000 	/usr/lib/system/libdyld.dylib
0x00000001a9583000 	/usr/lib/system/libkeymgr.dylib
0x00000001a952d000 	/usr/lib/system/libmacho.dylib
0x00000001a8827000 	/usr/lib/system/libquarantine.dylib
0x00000001a9580000 	/usr/lib/system/libremovefile.dylib
0x000000019f129000 	/usr/lib/system/libsystem_asl.dylib
0x0000000198721000 	/usr/lib/system/libsystem_blocks.dylib
0x00000001988f1000 	/usr/lib/system/libsystem_c.dylib
0x00000001a9577000 	/usr/lib/system/libsystem_collections.dylib
0x00000001a6c6e000 	/usr/lib/system/libsystem_configuration.dylib
0x00000001a5521000 	/usr/lib/system/libsystem_containermanager.dylib
0x00000001a8f39000 	/usr/lib/system/libsystem_coreservices.dylib
0x000000019cb38000 	/usr/lib/system/libsystem_darwin.dylib
0x00000002c0b02000 	/usr/lib/system/libsystem_darwindirectory.dylib
0x00000001a9584000 	/usr/lib/system/libsystem_dnssd.dylib
0x00000002c0b06000 	/usr/lib/system/libsystem_eligibility.dylib
0x00000001988ee000 	/usr/lib/system/libsystem_featureflags.dylib
0x0000000198a7b000 	/usr/lib/system/libsystem_info.dylib
0x00000001a94ee000 	/usr/lib/system/libsystem_m.dylib
0x0000000198851000 	/usr/lib/system/libsystem_malloc.dylib
0x000000019f083000 	/usr/lib/system/libsystem_networkextension.dylib
0x000000019cf95000 	/usr/lib/system/libsystem_notify.dylib
0x00000001a6c73000 	/usr/lib/system/libsystem_sandbox.dylib
0x00000002c0b11000 	/usr/lib/system/libsystem_sanitizers.dylib
0x00000001a957d000 	/usr/lib/system/libsystem_secinit.dylib
0x0000000198a25000 	/usr/lib/system/libsystem_kernel.dylib
0x0000000198a71000 	/usr/lib/system/libsystem_platform.dylib
0x0000000198a64000 	/usr/lib/system/libsystem_pthread.dylib
0x00000001a11fb000 	/usr/lib/system/libsystem_symptoms.dylib
0x000000019877b000 	/usr/lib/system/libsystem_trace.dylib
0x00000002c0b1b000 	/usr/lib/system/libsystem_trial.dylib
0x00000001a9557000 	/usr/lib/system/libunwind.dylib
0x0000000198725000 	/usr/lib/system/libxpc.dylib
0x0000000198a0b000 	/usr/lib/libc++abi.dylib
0x00000001a01dc000 	/usr/lib/objc/libobjcMsgSend.dylib
0x00000002bfca4000 	/usr/lib/libRosetta.dylib
0x00000002c0965000 	/usr/lib/swift/libswiftSynchronization.dylib
0x00000002826fb000 	/System/Library/PrivateFrameworks/NSPredicateSecurityPolicy.framework/Versions/A/NSPredicateSecurityPolicy
0x00000001a37f3000 	/System/Library/PrivateFrameworks/CoreAutoLayout.framework/Versions/A/CoreAutoLayout
0x00000001a9594000 	/usr/lib/libfakelink.dylib
0x00000001a2bf5000 	/System/Library/Frameworks/DiskArbitration.framework/Versions/A/DiskArbitration
0x00000001a95e7000 	/usr/lib/libarchive.2.dylib
0x00000001a6c80000 	/usr/lib/liblangid.dylib
0x00000001afe15000 	/System/Library/Frameworks/Combine.framework/Versions/A/Combine
0x000000029b60b000 	/System/Library/PrivateFrameworks/ReflectionInternal.framework/Versions/A/ReflectionInternal
0x000000029c771000 	/System/Library/PrivateFrameworks/RuntimeInternal.framework/Versions/A/RuntimeInternal
0x00000001c5fa5000 	/usr/lib/swift/libswiftDarwin.dylib
0x00000002c07bb000 	/usr/lib/swift/libswiftObservation.dylib
0x00000002c0979000 	/usr/lib/swift/libswiftSystem.dylib
0x00000002c05e0000 	/usr/lib/swift/libswift_Concurrency.dylib
0x00000002c012f000 	/usr/lib/swift/libswift_DarwinFoundation1.dylib
0x000000019ce36000 	/System/Library/PrivateFrameworks/CoreServicesInternal.framework/Versions/A/CoreServicesInternal
0x00000001a9561000 	/usr/lib/liboah.dylib
0x00000001b786e000 	/System/Library/PrivateFrameworks/DiskImages.framework/Versions/A/DiskImages
0x00000001c5ae3000 	/System/Library/Frameworks/NetFS.framework/Versions/A/NetFS
0x00000001a37c2000 	/System/Library/Frameworks/CoreServices.framework/Versions/A/Frameworks/FSEvents.framework/Versions/A/FSEvents
0x000000019cb42000 	/System/Library/Frameworks/CoreServices.framework/Versions/A/Frameworks/CarbonCore.framework/Versions/A/CarbonCore
0x00000001a2b6a000 	/System/Library/Frameworks/CoreServices.framework/Versions/A/Frameworks/Metadata.framework/Versions/A/Metadata
0x00000001a8f40000 	/System/Library/Frameworks/CoreServices.framework/Versions/A/Frameworks/OSServices.framework/Versions/A/OSServices
0x00000001a96df000 	/System/Library/Frameworks/CoreServices.framework/Versions/A/Frameworks/SearchKit.framework/Versions/A/SearchKit
0x00000001a1177000 	/System/Library/Frameworks/CoreServices.framework/Versions/A/Frameworks/AE.framework/Versions/A/AE
0x0000000198f3a000 	/System/Library/Frameworks/CoreServices.framework/Versions/A/Frameworks/LaunchServices.framework/Versions/A/LaunchServices
0x00000001aaba4000 	/System/Library/Frameworks/CoreServices.framework/Versions/A/Frameworks/DictionaryServices.framework/Versions/A/DictionaryServices
0x00000001a37ce000 	/System/Library/Frameworks/CoreServices.framework/Versions/A/Frameworks/SharedFileList.framework/Versions/A/SharedFileList
0x00000001a9770000 	/usr/lib/libapple_nghttp2.dylib
0x00000001a1203000 	/System/Library/Frameworks/Network.framework/Versions/A/Network
0x000000019f09d000 	/usr/lib/libenergytrace.dylib
0x00000001a9531000 	/usr/lib/system/libkxld.dylib
0x000000024116c000 	/System/Library/PrivateFrameworks/AppleKeyStore.framework/Versions/A/AppleKeyStore
0x00000002bec6e000 	/usr/lib/libCoreEntitlements.dylib
0x00000002bfeb8000 	/usr/lib/libTLE.dylib
0x0000000278142000 	/System/Library/PrivateFrameworks/MessageSecurity.framework/Versions/A/MessageSecurity
0x00000001b4a31000 	/System/Library/PrivateFrameworks/SymptomDiagnosticReporter.framework/Versions/A/SymptomDiagnosticReporter
0x00000001aade5000 	/System/Library/PrivateFrameworks/CrashReporterSupport.framework/Versions/A/CrashReporterSupport
0x00000001a8f21000 	/System/Library/PrivateFrameworks/AppleFSCompression.framework/Versions/A/AppleFSCompression
0x00000001a8836000 	/usr/lib/libcoretls.dylib
0x00000001aac19000 	/usr/lib/libcoretls_cfhelpers.dylib
0x00000001a97d4000 	/usr/lib/libpam.2.dylib
0x00000001aac8d000 	/usr/lib/libxar.1.dylib
0x00000001aac1b000 	/System/Library/PrivateFrameworks/APFS.framework/Versions/A/APFS
0x00000002ac4ac000 	/System/Library/PrivateFrameworks/SwiftASN1Internal.framework/Versions/A/SwiftASN1Internal
0x00000001aac9c000 	/usr/lib/libutil.dylib
0x00000002bfdff000 	/usr/lib/libswiftPrespecialized.dylib
0x00000001a6c7c000 	/System/Library/PrivateFrameworks/AppleSystemInfo.framework/Versions/A/AppleSystemInfo
0x0000000248ac2000 	/System/Library/PrivateFrameworks/ConnectedMode.framework/Versions/A/ConnectedMode
0x0000000239290000 	/System/Library/Frameworks/SwiftData.framework/Versions/A/SwiftData
0x000000019ec32000 	/usr/lib/libboringssl.dylib
0x00000001a11e9000 	/usr/lib/libdns_services.dylib
0x00000001c85e0000 	/usr/lib/libquic.dylib
0x00000001ad5db000 	/usr/lib/libusrtcp.dylib
0x000000024399d000 	/System/Library/PrivateFrameworks/AtomicsInternal.framework/Versions/A/AtomicsInternal
0x00000002c0795000 	/usr/lib/swift/libswiftDistributed.dylib
0x00000001a095b000 	/System/Library/Frameworks/CoreData.framework/Versions/A/CoreData
0x00000001aabfa000 	/usr/lib/liblzma.5.dylib
0x00000002c0132000 	/usr/lib/swift/libswift_DarwinFoundation2.dylib
0x00000002c0133000 	/usr/lib/swift/libswift_DarwinFoundation3.dylib
0x00000002c066c000 	/usr/lib/swift/libswift_RegexParser.dylib
0x00000001ab02a000 	/usr/lib/libheimdal-asn1.dylib
0x00000001a974c000 	/System/Library/PrivateFrameworks/AppleSauce.framework/Versions/A/AppleSauce
0x00000002572e6000 	/System/Library/PrivateFrameworks/DeviceRecovery.framework/Versions/A/DeviceRecovery
0x00000001b5c89000 	/System/Library/PrivateFrameworks/CoreSymbolication.framework/Versions/A/CoreSymbolication
0x00000001e717d000 	/System/Library/PrivateFrameworks/Symbolication.framework/Versions/A/Symbolication
0x00000001b5c68000 	/System/Library/PrivateFrameworks/DebugSymbols.framework/Versions/A/DebugSymbols
0x00000002be4eb000 	/usr/lib/libAppleArchive.dylib
0x00000001a8f2c000 	/usr/lib/libbz2.1.0.dylib
0x00000001c9687000 	/System/Library/PrivateFrameworks/MallocStackLogging.framework/Versions/A/MallocStackLogging
0x00000001a882a000 	/usr/lib/libCheckFix.dylib
0x00000001a6c82000 	/System/Library/PrivateFrameworks/CoreNLP.framework/Versions/A/CoreNLP
0x00000001a2afd000 	/System/Library/PrivateFrameworks/MetadataUtilities.framework/Versions/A/MetadataUtilities
0x00000001a885f000 	/usr/lib/libmecab.dylib
0x0000000199ef1000 	/usr/lib/libCRFSuite.dylib
0x00000001a88c0000 	/usr/lib/libgermantok.dylib
0x00000001a9744000 	/usr/lib/libThaiTokenizer.dylib
0x00000001a2bff000 	/System/Library/Frameworks/Accelerate.framework/Versions/A/Frameworks/vImage.framework/Versions/A/vImage
0x00000001b38e0000 	/System/Library/Frameworks/Accelerate.framework/Versions/A/Frameworks/vecLib.framework/Versions/A/vecLib
0x00000001aacd2000 	/System/Library/Frameworks/Accelerate.framework/Versions/A/Frameworks/vecLib.framework/Versions/A/libvMisc.dylib
0x00000001993e1000 	/System/Library/Frameworks/Accelerate.framework/Versions/A/Frameworks/vecLib.framework/Versions/A/libBLAS.dylib
0x000000022577a000 	/System/Library/Frameworks/OpenGL.framework/Versions/A/OpenGL
0x0000000260163000 	/System/Library/PrivateFrameworks/GPUCompiler.framework/Versions/32023/Libraries/libllvm-flatbuffers.dylib
0x000000025aac5000 	/System/Library/PrivateFrameworks/FramePacing.framework/Versions/A/FramePacing
0x000000022576d000 	/System/Library/Frameworks/OpenGL.framework/Versions/A/Libraries/libCoreFSCache.dylib
0x000000026015c000 	/System/Library/PrivateFrameworks/GPUCompiler.framework/Versions/32023/Libraries/libGPUCompilerUtils.dylib
0x00000002257ca000 	/System/Library/Frameworks/OpenGL.framework/Versions/A/Libraries/libGLU.dylib
0x000000022578d000 	/System/Library/Frameworks/OpenGL.framework/Versions/A/Libraries/libGFXShared.dylib
0x000000022595a000 	/System/Library/Frameworks/OpenGL.framework/Versions/A/Libraries/libGL.dylib
0x0000000225796000 	/System/Library/Frameworks/OpenGL.framework/Versions/A/Libraries/libGLImage.dylib
0x000000022578a000 	/System/Library/Frameworks/OpenGL.framework/Versions/A/Libraries/libCVMSPluginSupport.dylib
0x0000000225774000 	/System/Library/Frameworks/OpenGL.framework/Versions/A/Libraries/libCoreVMClient.dylib
0x00000001a7fb2000 	/System/Library/Frameworks/Accelerate.framework/Versions/A/Frameworks/vecLib.framework/Versions/A/libvDSP.dylib
0x00000001a98bd000 	/System/Library/Frameworks/Accelerate.framework/Versions/A/Frameworks/vecLib.framework/Versions/A/libLAPACK.dylib
0x00000001a88c3000 	/System/Library/Frameworks/Accelerate.framework/Versions/A/Frameworks/vecLib.framework/Versions/A/libLinearAlgebra.dylib
0x00000001a9789000 	/System/Library/Frameworks/Accelerate.framework/Versions/A/Frameworks/vecLib.framework/Versions/A/libSparseBLAS.dylib
0x00000001a98b8000 	/System/Library/Frameworks/Accelerate.framework/Versions/A/Frameworks/vecLib.framework/Versions/A/libQuadrature.dylib
0x00000001a6da4000 	/System/Library/Frameworks/Accelerate.framework/Versions/A/Frameworks/vecLib.framework/Versions/A/libBNNS.dylib
0x0000000199cf4000 	/System/Library/Frameworks/Accelerate.framework/Versions/A/Frameworks/vecLib.framework/Versions/A/libSparse.dylib
0x0000000278dbb000 	/System/Library/PrivateFrameworks/MIL.framework/Versions/A/MIL
0x00000001a95cc000 	/usr/lib/libiconv.2.dylib
0x00000001a952c000 	/usr/lib/libcharset.1.dylib
0x00000001a375d000 	/System/Library/Frameworks/OpenDirectory.framework/Versions/A/Frameworks/CFOpenDirectory.framework/Versions/A/CFOpenDirectory
0x0000000257dc0000 	/System/Library/PrivateFrameworks/Ecosystem.framework/Versions/A/Ecosystem
0x00000001ab28d000 	/System/Library/PrivateFrameworks/AppServerSupport.framework/Versions/A/AppServerSupport
0x00000001a37f0000 	/usr/lib/libapp_launch_measurement.dylib
0x000000026d15d000 	/System/Library/PrivateFrameworks/InstalledContentLibrary.framework/Versions/A/InstalledContentLibrary
0x000000019ce75000 	/System/Library/PrivateFrameworks/CoreServicesStore.framework/Versions/A/CoreServicesStore
0x00000001ba81f000 	/System/Library/PrivateFrameworks/Seeding.framework/Versions/A/Seeding
0x00000001c9784000 	/usr/lib/swift/libswiftCoreImage.dylib
0x00000002c08e9000 	/usr/lib/swift/libswiftSpatial.dylib
0x00000001ac1da000 	/System/Library/PrivateFrameworks/InternationalSupport.framework/Versions/A/InternationalSupport
0x00000001ae2f8000 	/System/Library/PrivateFrameworks/MobileAsset.framework/Versions/A/MobileAsset
0x00000001a0faa000 	/System/Library/Frameworks/Accounts.framework/Versions/A/Accounts
0x00000001b8088000 	/System/Library/PrivateFrameworks/AppleIDSSOAuthentication.framework/Versions/A/AppleIDSSOAuthentication
0x000000019e776000 	/System/Library/Frameworks/UniformTypeIdentifiers.framework/Versions/A/UniformTypeIdentifiers
0x00000001a8f71000 	/System/Library/PrivateFrameworks/AuthKit.framework/Versions/A/AuthKit
0x00000001d0b9a000 	/System/Library/PrivateFrameworks/SoftwareUpdateCoreSupport.framework/Versions/A/SoftwareUpdateCoreSupport
0x00000001d8126000 	/System/Library/PrivateFrameworks/SoftwareUpdateCoreConnect.framework/Versions/A/SoftwareUpdateCoreConnect
0x00000001b814f000 	/System/Library/PrivateFrameworks/StreamingZip.framework/Versions/A/StreamingZip
0x00000001b7961000 	/System/Library/PrivateFrameworks/RemoteServiceDiscovery.framework/Versions/A/RemoteServiceDiscovery
0x00000001d0148000 	/System/Library/PrivateFrameworks/MSUDataAccessor.framework/Versions/A/MSUDataAccessor
0x00000001cb493000 	/usr/lib/libbootpolicy.dylib
0x00000001a39f5000 	/System/Library/PrivateFrameworks/UserManagement.framework/Versions/A/UserManagement
0x00000001e0e7b000 	/usr/lib/libpartition2_dynamic.dylib
0x00000001b7977000 	/System/Library/PrivateFrameworks/RemoteXPC.framework/Versions/A/RemoteXPC
0x00000001d7c05000 	/usr/lib/libFDR.dylib
0x00000001dde2b000 	/usr/lib/libamsupport.dylib
0x00000002bfc9d000 	/usr/lib/libReverseProxyDevice.dylib
0x0000000240171000 	/System/Library/PrivateFrameworks/AppleDeviceQuerySupport.framework/Versions/A/AppleDeviceQuerySupport
0x00000001a816a000 	/System/Library/PrivateFrameworks/MobileKeyBag.framework/Versions/A/MobileKeyBag
0x00000001a6c7a000 	/System/Library/PrivateFrameworks/AggregateDictionary.framework/Versions/A/AggregateDictionary
0x000000023c641000 	/System/Library/PrivateFrameworks/AAAFoundation.framework/Versions/A/AAAFoundation
0x00000001ae438000 	/System/Library/PrivateFrameworks/CorePhoneNumbers.framework/Versions/A/CorePhoneNumbers
0x00000001a879e000 	/System/Library/Frameworks/SecurityFoundation.framework/Versions/A/SecurityFoundation
0x00000001adf65000 	/System/Library/PrivateFrameworks/MultiverseSupport.framework/Versions/A/MultiverseSupport
0x00000001b4b49000 	/System/Library/PrivateFrameworks/DiskManagement.framework/Versions/A/DiskManagement
0x00000001b4a63000 	/System/Library/PrivateFrameworks/AppleIDAuthSupport.framework/Versions/A/AppleIDAuthSupport
0x00000001ae3ff000 	/System/Library/PrivateFrameworks/KeychainCircle.framework/Versions/A/KeychainCircle
0x00000001c1b3a000 	/System/Library/PrivateFrameworks/URLFormatting.framework/Versions/A/URLFormatting
0x00000001b7a04000 	/usr/lib/libcsfde.dylib
0x00000001aaf57000 	/usr/lib/libCoreStorage.dylib
0x00000001b4b18000 	/System/Library/PrivateFrameworks/MediaKit.framework/Versions/A/MediaKit
0x00000001b4a6e000 	/System/Library/Frameworks/DiscRecording.framework/Versions/A/DiscRecording
0x00000001afc58000 	/System/Library/PrivateFrameworks/ProtectedCloudStorage.framework/Versions/A/ProtectedCloudStorage
0x00000001b7a00000 	/System/Library/PrivateFrameworks/EFILogin.framework/Versions/A/EFILogin
0x00000001c00b5000 	/System/Library/PrivateFrameworks/CloudServices.framework/Versions/A/CloudServices
0x00000001b4dfc000 	/System/Library/PrivateFrameworks/OctagonTrust.framework/Versions/A/OctagonTrust
0x00000001ab64b000 	/System/Library/PrivateFrameworks/AppleJPEG.framework/Versions/A/AppleJPEG
0x00000001ab00e000 	/usr/lib/libexpat.1.dylib
0x00000001abfa5000 	/System/Library/Frameworks/ImageIO.framework/Versions/A/Resources/libPng.dylib
0x00000001abfd0000 	/System/Library/Frameworks/ImageIO.framework/Versions/A/Resources/libTIFF.dylib
0x00000001ac0b7000 	/System/Library/Frameworks/ImageIO.framework/Versions/A/Resources/libGIF.dylib
0x00000001ab690000 	/System/Library/Frameworks/ImageIO.framework/Versions/A/Resources/libJP2.dylib
0x00000001aad4c000 	/usr/lib/libate.dylib
0x00000001ac05e000 	/System/Library/Frameworks/ImageIO.framework/Versions/A/Resources/libJPEG.dylib
0x00000001ac056000 	/System/Library/Frameworks/ImageIO.framework/Versions/A/Resources/libRadiance.dylib
0x00000002c07e0000 	/usr/lib/swift/libswiftRegexBuilder.dylib
0x00000001adcc7000 	/System/Library/Frameworks/AudioToolbox.framework/Versions/A/AudioToolbox
0x000000019b6d0000 	/System/Library/PrivateFrameworks/AudioToolboxCore.framework/Versions/A/AudioToolboxCore
0x00000001ade9e000 	/System/Library/PrivateFrameworks/AudioSession.framework/Versions/A/AudioSession
0x00000001ba9d4000 	/System/Library/Frameworks/CoreMIDI.framework/Versions/A/CoreMIDI
0x00000001adf08000 	/usr/lib/libAudioStatistics.dylib
0x00000001a5802000 	/System/Library/PrivateFrameworks/caulk.framework/Versions/A/caulk
0x000000019bcb7000 	/System/Library/Frameworks/CoreAudio.framework/Versions/A/CoreAudio
0x00000001cfaea000 	/usr/lib/swift/libswiftCoreMIDI.dylib
0x00000001ae270000 	/System/Library/PrivateFrameworks/perfdata.framework/Versions/A/perfdata
0x00000001c86d2000 	/System/Library/PrivateFrameworks/SystemPolicy.framework/Versions/A/SystemPolicy
0x00000001ae117000 	/usr/lib/libSMC.dylib
0x00000001ae27b000 	/usr/lib/libperfcheck.dylib
0x0000000243a46000 	/System/Library/PrivateFrameworks/AudioAnalytics.framework/Versions/A/AudioAnalytics
0x00000001e8104000 	/System/Library/Frameworks/OSLog.framework/Versions/A/OSLog
0x0000000231c0b000 	/System/Library/Frameworks/ExtensionFoundation.framework/Versions/A/ExtensionFoundation
0x0000000284642000 	/System/Library/PrivateFrameworks/OSEligibility.framework/Versions/A/OSEligibility
0x00000002339f2000 	/System/Library/Frameworks/LightweightCodeRequirements.framework/Versions/A/LightweightCodeRequirements
0x00000001aaf1d000 	/System/Library/PrivateFrameworks/PlugInKit.framework/Versions/A/PlugInKit
0x00000001a8180000 	/System/Library/PrivateFrameworks/AssertionServices.framework/Versions/A/AssertionServices
0x00000001a660a000 	/System/Library/Frameworks/CoreImage.framework/Versions/A/CoreImage
0x00000001b9847000 	/System/Library/PrivateFrameworks/ASEProcessing.framework/Versions/A/ASEProcessing
0x000000028720f000 	/System/Library/PrivateFrameworks/PhotosensitivityProcessing.framework/Versions/A/PhotosensitivityProcessing
0x00000001d7cb8000 	/System/Library/PrivateFrameworks/TimeSync.framework/Versions/A/TimeSync
0x0000000241ca7000 	/System/Library/PrivateFrameworks/AppleMSG.framework/Versions/A/AppleMSG
0x000000029f975000 	/System/Library/PrivateFrameworks/SILManager.framework/Versions/A/SILManager
0x00000001ab23d000 	/System/Library/PrivateFrameworks/GraphVisualizer.framework/Versions/A/GraphVisualizer
0x000000025aac1000 	/System/Library/PrivateFrameworks/FontServices.framework/Versions/A/FontServices
0x00000001ab254000 	/System/Library/PrivateFrameworks/OTSVG.framework/Versions/A/OTSVG
0x00000001a3485000 	/System/Library/Frameworks/ApplicationServices.framework/Versions/A/Frameworks/ATS.framework/Versions/A/Resources/libFontRegistry.dylib
0x00000002bf179000 	/usr/lib/libhvf.dylib
0x000000028475e000 	/System/Library/PrivateFrameworks/ParsingInternal.framework/Versions/A/ParsingInternal
0x000000025a9b2000 	/System/Library/PrivateFrameworks/FontServices.framework/libXTFontStaticRegistryData.dylib
0x00000001a6bbd000 	/System/Library/Frameworks/MetalPerformanceShaders.framework/Versions/A/Frameworks/MPSCore.framework/Versions/A/MPSCore
0x00000001a8e92000 	/System/Library/Frameworks/MetalPerformanceShaders.framework/Versions/A/Frameworks/MPSImage.framework/Versions/A/MPSImage
0x00000001a88d7000 	/System/Library/Frameworks/MetalPerformanceShaders.framework/Versions/A/Frameworks/MPSNeuralNetwork.framework/Versions/A/MPSNeuralNetwork
0x00000001a8c90000 	/System/Library/Frameworks/MetalPerformanceShaders.framework/Versions/A/Frameworks/MPSMatrix.framework/Versions/A/MPSMatrix
0x00000001a8af5000 	/System/Library/Frameworks/MetalPerformanceShaders.framework/Versions/A/Frameworks/MPSRayIntersector.framework/Versions/A/MPSRayIntersector
0x00000001a8cbf000 	/System/Library/Frameworks/MetalPerformanceShaders.framework/Versions/A/Frameworks/MPSNDArray.framework/Versions/A/MPSNDArray
0x0000000234899000 	/System/Library/Frameworks/MetalPerformanceShaders.framework/Versions/A/Frameworks/MPSFunctions.framework/Versions/A/MPSFunctions
0x0000000234887000 	/System/Library/Frameworks/MetalPerformanceShaders.framework/Versions/A/Frameworks/MPSBenchmarkLoop.framework/Versions/A/MPSBenchmarkLoop
0x00000002348ac000 	/System/Library/Frameworks/MetalPerformanceShaders.framework/Versions/A/Frameworks/MPSHost.framework/Versions/A/MPSHost
0x0000000199234000 	/System/Library/PrivateFrameworks/MetalTools.framework/Versions/A/MetalTools
0x000000027f7ee000 	/System/Library/PrivateFrameworks/MTL3On4.framework/Versions/A/MTL3On4
0x00000001ce33a000 	/System/Library/PrivateFrameworks/IOAccelMemoryInfo.framework/Versions/A/IOAccelMemoryInfo
0x00000001dc8d6000 	/System/Library/PrivateFrameworks/kperf.framework/Versions/A/kperf
0x00000001c9709000 	/System/Library/PrivateFrameworks/GPURawCounter.framework/Versions/A/GPURawCounter
0x00000001d9ece000 	/System/Library/PrivateFrameworks/IOKitten.framework/Versions/A/IOKitten
0x00000002afd8f000 	/System/Library/PrivateFrameworks/Tightbeam.framework/Versions/A/Tightbeam
0x00000001d6df9000 	/usr/lib/swift/libswiftCompression.dylib
0x00000001e1324000 	/System/Library/PrivateFrameworks/AFKUser.framework/Versions/A/AFKUser
0x00000001c96af000 	/usr/lib/libmis.dylib
0x00000001b5dea000 	/System/Library/PrivateFrameworks/CoreTime.framework/Versions/A/CoreTime
0x00000001ab12a000 	/System/Library/PrivateFrameworks/MediaExperience.framework/Versions/A/MediaExperience
0x00000001adc74000 	/System/Library/PrivateFrameworks/AudioSession.framework/libSessionUtility.dylib
0x00000001ac0bd000 	/System/Library/PrivateFrameworks/CMCaptureCore.framework/Versions/A/CMCaptureCore
0x00000001ab299000 	/usr/lib/libspindump.dylib
0x00000001b4a3e000 	/System/Library/PrivateFrameworks/PowerLog.framework/Versions/A/PowerLog
0x00000001b491c000 	/System/Library/Frameworks/CoreBluetooth.framework/Versions/A/CoreBluetooth
0x00000001a864c000 	/System/Library/PrivateFrameworks/CoreUtils.framework/Versions/A/CoreUtils
0x00000001c00f3000 	/System/Library/PrivateFrameworks/HID.framework/Versions/A/HID
0x000000025612e000 	/System/Library/PrivateFrameworks/CoreUtilsExtras.framework/Versions/A/CoreUtilsExtras
0x000000026fe07000 	/System/Library/PrivateFrameworks/IO80211.framework/Versions/A/IO80211
0x00000001ab088000 	/System/Library/PrivateFrameworks/IconServices.framework/Versions/A/IconServices
0x00000001afbb4000 	/System/Library/Frameworks/IOBluetooth.framework/Versions/A/IOBluetooth
0x00000001ab034000 	/System/Library/PrivateFrameworks/IconFoundation.framework/Versions/A/IconFoundation
0x000000026c09c000 	/System/Library/PrivateFrameworks/IconRendering.framework/Versions/A/IconRendering
0x00000001a34d5000 	/System/Library/PrivateFrameworks/CoreUI.framework/Versions/A/CoreUI
0x000000029f2a4000 	/System/Library/PrivateFrameworks/SFSymbols.framework/Versions/A/SFSymbols
0x0000000231952000 	/System/Library/Frameworks/DeveloperToolsSupport.framework/Versions/A/DeveloperToolsSupport
0x00000001bfdd3000 	/System/Library/PrivateFrameworks/RenderBox.framework/Versions/A/RenderBox
0x00000001a610d000 	/System/Library/PrivateFrameworks/CoreSVG.framework/Versions/A/CoreSVG
0x00000001ac13b000 	/System/Library/PrivateFrameworks/TextureIO.framework/Versions/A/TextureIO
0x00000002b7d9b000 	/System/Library/PrivateFrameworks/WallpaperServices.framework/Versions/A/WallpaperServices
0x00000001ac08a000 	/System/Library/Frameworks/ApplicationServices.framework/Versions/A/Frameworks/ATSUI.framework/Versions/A/ATSUI
0x00000001aaddc000 	/usr/lib/libIOReport.dylib
0x0000000199be2000 	/System/Library/PrivateFrameworks/Lexicon.framework/Versions/A/Lexicon
0x00000001b57d4000 	/System/Library/PrivateFrameworks/FrontBoardServices.framework/Versions/A/FrontBoardServices
0x00000001a6d9e000 	/System/Library/PrivateFrameworks/LinguisticData.framework/Versions/A/LinguisticData
0x00000001b5960000 	/System/Library/PrivateFrameworks/GraphicsServices.framework/Versions/A/GraphicsServices
0x00000001b812e000 	/System/Library/Frameworks/AudioUnit.framework/Versions/A/AudioUnit
0x00000001a3753000 	/System/Library/Frameworks/OpenDirectory.framework/Versions/A/OpenDirectory
0x00000002bfd31000 	/usr/lib/libSpatial.dylib
0x0000000241c92000 	/System/Library/PrivateFrameworks/AppleMobileFileIntegrity.framework/Versions/A/AppleMobileFileIntegrity
0x00000001dc9e8000 	/System/Library/PrivateFrameworks/MobileSystemServices.framework/Versions/A/MobileSystemServices
0x0000000221441000 	/System/Library/PrivateFrameworks/ConfigProfileHelper.framework/Versions/A/ConfigProfileHelper
0x00000001aaca0000 	/usr/lib/libxslt.1.dylib
0x00000001a818b000 	/System/Library/PrivateFrameworks/BackgroundTaskManagement.framework/Versions/A/BackgroundTaskManagement
0x00000001b7a0f000 	/usr/lib/libcurl.4.dylib
0x00000002bedce000 	/usr/lib/libcrypto.46.dylib
0x00000002bfd8e000 	/usr/lib/libssl.48.dylib
0x00000001b7705000 	/System/Library/Frameworks/LDAP.framework/Versions/A/LDAP
0x00000001ae288000 	/System/Library/Frameworks/Kerberos.framework/Versions/A/Kerberos
0x00000001b7740000 	/System/Library/PrivateFrameworks/TrustEvaluationAgent.framework/Versions/A/TrustEvaluationAgent
0x00000001adf52000 	/usr/lib/libsasl2.2.dylib
0x00000001adf36000 	/usr/lib/libresolv.9.dylib
0x00000001ab2a0000 	/System/Library/PrivateFrameworks/Heimdal.framework/Versions/A/Heimdal
0x00000001ae299000 	/System/Library/Frameworks/GSS.framework/Versions/A/GSS
0x00000001b812d000 	/System/Library/Frameworks/Kerberos.framework/Versions/A/Libraries/libHeimdalProxy.dylib
0x00000001ae2e7000 	/System/Library/PrivateFrameworks/CommonAuth.framework/Versions/A/CommonAuth
0x00000001ae255000 	/System/Library/PrivateFrameworks/NetAuth.framework/Versions/A/NetAuth
0x00000001a39bd000 	/System/Library/PrivateFrameworks/login.framework/Versions/A/Frameworks/loginsupport.framework/Versions/A/loginsupport
0x00000001b7d2a000 	/System/Library/PrivateFrameworks/InternationalTextSearch.framework/Versions/A/InternationalTextSearch
0x0000000298d3b000 	/System/Library/PrivateFrameworks/PoirotSQLite.framework/Versions/A/PoirotSQLite
0x00000002462ef000 	/System/Library/PrivateFrameworks/CascadeSets.framework/Versions/A/CascadeSets
0x00000001b7a95000 	/System/Library/PrivateFrameworks/AppSupport.framework/Versions/A/AppSupport
0x0000000231511000 	/System/Library/Frameworks/CoreTransferable.framework/Versions/A/CoreTransferable
0x00000002b5ca7000 	/System/Library/PrivateFrameworks/VideoToolboxParavirtualizationSupport.framework/Versions/A/VideoToolboxParavirtualizationSupport
0x00000001aafc5000 	/System/Library/PrivateFrameworks/AppleVA.framework/Versions/A/AppleVA
0x0000000230b94000 	/System/Library/Frameworks/AVFAudio.framework/Versions/A/AVFAudio
0x000000026feec000 	/System/Library/PrivateFrameworks/IsolatedCoreAudioClient.framework/Versions/A/IsolatedCoreAudioClient
0x000000024a9ce000 	/System/Library/PrivateFrameworks/CoreAudioOrchestration.framework/Versions/A/CoreAudioOrchestration
0x00000001b3b43000 	/System/Library/Frameworks/MediaAccessibility.framework/Versions/A/MediaAccessibility
0x00000001ac051000 	/System/Library/PrivateFrameworks/GPUWrangler.framework/Versions/A/GPUWrangler
0x00000001ac032000 	/System/Library/PrivateFrameworks/IOPresentment.framework/Versions/A/IOPresentment
0x00000001ac059000 	/System/Library/PrivateFrameworks/DSExternalDisplay.framework/Versions/A/DSExternalDisplay
0x00000001ce2fd000 	/usr/lib/libncurses.5.4.dylib
0x000000019e601000 	/System/Library/PrivateFrameworks/UIFoundation.framework/Versions/A/UIFoundation
0x00000001e812b000 	/System/Library/PrivateFrameworks/HIDDisplay.framework/Versions/A/HIDDisplay
0x00000001ae1f7000 	/usr/lib/libcups.2.dylib
0x00000001c1b42000 	/System/Library/PrivateFrameworks/AXCoreUtilities.framework/Versions/A/AXCoreUtilities
0x00000001f5d47000 	/usr/lib/libedit.3.dylib
0x00000001d2840000 	/System/Library/PrivateFrameworks/AttributeGraph.framework/Versions/A/AttributeGraph
0x00000002bec22000 	/usr/lib/libAXSafeCategoryBundle.dylib
0x00000001c1c98000 	/usr/lib/libAccessibility.dylib
0x000000023a545000 	/System/Library/Frameworks/TabularData.framework/Versions/A/TabularData
0x0000000242fc3000 	/System/Library/PrivateFrameworks/ArgumentParserInternal.framework/Versions/A/ArgumentParserInternal
0x00000001bab83000 	/System/Library/Frameworks/Cocoa.framework/Versions/A/Cocoa
0x000000019d00f000 	/System/Library/Frameworks/AppKit.framework/Versions/C/AppKit
0x0000000248732000 	/System/Library/PrivateFrameworks/CollectionViewCore.framework/Versions/A/CollectionViewCore
0x00000001ac52a000 	/System/Library/PrivateFrameworks/UserActivity.framework/Versions/A/UserActivity
0x00000001a6109000 	/System/Library/PrivateFrameworks/XCTTargetBootstrap.framework/Versions/A/XCTTargetBootstrap
0x00000002b28fc000 	/System/Library/PrivateFrameworks/UIIntelligenceSupport.framework/Versions/A/UIIntelligenceSupport
0x0000000245d28000 	/System/Library/PrivateFrameworks/CampoServices.framework/Versions/A/CampoServices
0x000000025ab52000 	/System/Library/PrivateFrameworks/FrontBoard.framework/Versions/A/FrontBoard
0x000000023942e000 	/System/Library/Frameworks/SwiftUICore.framework/Versions/A/SwiftUICore
0x00000002ba5c0000 	/System/Library/PrivateFrameworks/WritingTools.framework/Versions/A/WritingTools
0x00000002b9272000 	/System/Library/PrivateFrameworks/WindowManagement.framework/Versions/A/WindowManagement
0x00000002bdfeb000 	/System/Library/SubFrameworks/FocusEngine.framework/Versions/A/FocusEngine
0x0000000256c69000 	/System/Library/PrivateFrameworks/DesignLibrary.framework/Versions/A/DesignLibrary
0x000000023f425000 	/System/Library/PrivateFrameworks/AnimationKit.framework/Versions/A/AnimationKit
0x00000001a60f7000 	/System/Library/PrivateFrameworks/DFRFoundation.framework/Versions/A/DFRFoundation
0x00000002be3f3000 	/System/Library/SubFrameworks/UIUtilities.framework/Versions/A/UIUtilities
0x00000001ac4e1000 	/System/Library/PrivateFrameworks/DataDetectorsCore.framework/Versions/A/DataDetectorsCore
0x00000002b3451000 	/System/Library/PrivateFrameworks/UpdateCycle.framework/Versions/A/UpdateCycle
0x00000001cd098000 	/System/Library/PrivateFrameworks/TextInput.framework/Versions/A/TextInput
0x00000001a5e13000 	/System/Library/Frameworks/Carbon.framework/Versions/A/Frameworks/HIToolbox.framework/Versions/A/HIToolbox
0x00000001aff31000 	/System/Library/Frameworks/Carbon.framework/Versions/A/Frameworks/SpeechRecognition.framework/Versions/A/SpeechRecognition
0x00000001a374b000 	/System/Library/PrivateFrameworks/PerformanceAnalysis.framework/Versions/A/PerformanceAnalysis
0x00000001b3886000 	/System/Library/Frameworks/Accessibility.framework/Versions/A/Accessibility
0x0000000231919000 	/System/Library/Frameworks/DataDetection.framework/Versions/A/DataDetection
0x000000023a533000 	/System/Library/Frameworks/Symbols.framework/Versions/A/Symbols
0x000000029c98a000 	/System/Library/PrivateFrameworks/SceneHosting.framework/Versions/A/SceneHosting
0x00000001c5fa4000 	/usr/lib/swift/libswiftCoreGraphics.dylib
0x00000001b4390000 	/usr/lib/swift/libswiftFoundation.dylib
0x000000022003d000 	/usr/lib/swift/libswiftSwiftOnoneSupport.dylib
0x00000002c0978000 	/usr/lib/swift/libswiftsys_time.dylib
0x00000001a80ef000 	/System/Library/PrivateFrameworks/CoreEmoji.framework/Versions/A/CoreEmoji
0x00000001e7966000 	/System/Library/PrivateFrameworks/CoreMaterial.framework/Versions/A/CoreMaterial
0x00000001b3b04000 	/System/Library/PrivateFrameworks/PrototypeTools.framework/Versions/A/PrototypeTools
0x0000000198630000 	/usr/lib/libsharedcache.dylib
0x00000001a81dc000 	/usr/lib/objc/libobjcMsgSend1.dylib
0x00000001b01dc000 	/usr/lib/objc/libobjcMsgSend2.dylib
0x00000001b81dc000 	/usr/lib/objc/libobjcMsgSend3.dylib
0x00000001c01dc000 	/usr/lib/objc/libobjcMsgSend4.dylib
0x00000001c81dc000 	/usr/lib/objc/libobjcMsgSend5.dylib
0x00000001d01dc000 	/usr/lib/objc/libobjcMsgSend6.dylib
0x00000001d81dc000 	/usr/lib/objc/libobjcMsgSend7.dylib
0x00000001e01dc000 	/usr/lib/objc/libobjcMsgSend8.dylib
0x00000001e81dc000 	/usr/lib/objc/libobjcMsgSend9.dylib
0x00000001f01dc000 	/usr/lib/objc/libobjcMsgSend10.dylib
0x00000001f81dc000 	/usr/lib/objc/libobjcMsgSend11.dylib
0x00000002201dc000 	/usr/lib/objc/libobjcMsgSend12.dylib
0x00000002281dc000 	/usr/lib/objc/libobjcMsgSend13.dylib
0x00000002301dc000 	/usr/lib/objc/libobjcMsgSend14.dylib
0x00000002381dc000 	/usr/lib/objc/libobjcMsgSend15.dylib
0x00000002401dc000 	/usr/lib/objc/libobjcMsgSend16.dylib
0x00000002481dc000 	/usr/lib/objc/libobjcMsgSend17.dylib
0x00000002501dc000 	/usr/lib/objc/libobjcMsgSend18.dylib
0x00000002581dc000 	/usr/lib/objc/libobjcMsgSend19.dylib
0x00000002601dc000 	/usr/lib/objc/libobjcMsgSend20.dylib
0x00000002681dc000 	/usr/lib/objc/libobjcMsgSend21.dylib
0x00000002701dc000 	/usr/lib/objc/libobjcMsgSend22.dylib
0x00000002781dc000 	/usr/lib/objc/libobjcMsgSend23.dylib
0x00000002801dc000 	/usr/lib/objc/libobjcMsgSend24.dylib
0x00000002881dc000 	/usr/lib/objc/libobjcMsgSend25.dylib
0x00000002a01dc000 	/usr/lib/objc/libobjcMsgSend26.dylib
0x00000002a81dc000 	/usr/lib/objc/libobjcMsgSend27.dylib
0x00000002b01dc000 	/usr/lib/objc/libobjcMsgSend28.dylib
0x00000002b81dc000 	/usr/lib/objc/libobjcMsgSend29.dylib
0x00000002c01dc000 	/usr/lib/objc/libobjcMsgSend30.dylib
0x00000002c81dc000 	/usr/lib/objc/libobjcMsgSend31.dylib
0x00000002d01dc000 	/usr/lib/objc/libobjcMsgSend32.dylib
0x00000002d81dc000 	/usr/lib/objc/libobjcMsgSend33.dylib
0x00000002e01dc000 	/usr/lib/objc/libobjcMsgSend34.dylib
0x00000001081d0000 	/Users/chris/Library/Java/JavaVirtualMachines/openjdk-26.0.1/Contents/Home/lib/server/libjvm.dylib
0x0000000102558000 	/Users/chris/Library/Java/JavaVirtualMachines/openjdk-26.0.1/Contents/Home/lib/libjimage.dylib
0x0000000102584000 	/Users/chris/Library/Java/JavaVirtualMachines/openjdk-26.0.1/Contents/Home/lib/libinstrument.dylib
0x00000001025cc000 	/Users/chris/Library/Java/JavaVirtualMachines/openjdk-26.0.1/Contents/Home/lib/libjava.dylib
0x0000000102684000 	/Users/chris/Library/Java/JavaVirtualMachines/openjdk-26.0.1/Contents/Home/lib/libzip.dylib
0x00000001026a4000 	/Users/chris/Library/Java/JavaVirtualMachines/openjdk-26.0.1/Contents/Home/lib/libnio.dylib
0x00000001025b4000 	/Users/chris/Library/Java/JavaVirtualMachines/openjdk-26.0.1/Contents/Home/lib/libnet.dylib
0x00000001029f8000 	/Users/chris/Library/Java/JavaVirtualMachines/openjdk-26.0.1/Contents/Home/lib/libextnet.dylib
0x00000001080f0000 	/Users/chris/Library/Java/JavaVirtualMachines/openjdk-26.0.1/Contents/Home/lib/libmanagement.dylib
0x0000000108104000 	/Users/chris/Library/Java/JavaVirtualMachines/openjdk-26.0.1/Contents/Home/lib/libmanagement_ext.dylib
0x0000000124260000 	/private/var/folders/_q/hbccdl_96tnfqghg2lzzrw4c0000gn/T/onnxruntime-java18330452673258574370/libonnxruntime.dylib
0x00000001a3efb000 	/System/Library/Frameworks/CoreML.framework/Versions/A/CoreML
0x00000001a8b49000 	/System/Library/Frameworks/MLCompute.framework/Versions/A/MLCompute
0x00000002795ce000 	/System/Library/PrivateFrameworks/MLAssetIO.framework/Versions/A/MLAssetIO
0x00000002c07b0000 	/usr/lib/swift/libswiftMLCompute.dylib
0x000000019cfa7000 	/usr/lib/libsandbox.1.dylib
0x00000001aaf4f000 	/usr/lib/libMatch.1.dylib
0x00000001b8886000 	/System/Library/PrivateFrameworks/Espresso.framework/Versions/A/Espresso
0x0000000221982000 	/System/Library/PrivateFrameworks/ANECompiler.framework/Versions/A/ANECompiler
0x00000001ba85b000 	/System/Library/PrivateFrameworks/AppleNeuralEngine.framework/Versions/A/AppleNeuralEngine
0x00000002348b1000 	/System/Library/Frameworks/MetalPerformanceShadersGraph.framework/Versions/A/MetalPerformanceShadersGraph
0x00000002796a4000 	/System/Library/PrivateFrameworks/MLCompilerServices.framework/Versions/A/MLCompilerServices
0x00000001b96b1000 	/System/Library/PrivateFrameworks/ANEServices.framework/Versions/A/ANEServices
0x00000002bda81000 	/System/Library/SubFrameworks/CoreAIRuntime.framework/Versions/A/CoreAIRuntime
0x00000002bccb4000 	/System/Library/SubFrameworks/CoreAICompiler.framework/Versions/A/CoreAICompiler
0x00000002bcc94000 	/System/Library/SubFrameworks/CoreAICommon.framework/Versions/A/CoreAICommon
0x0000000283546000 	/System/Library/PrivateFrameworks/ODIE.framework/Versions/A/ODIE
0x0000000279649000 	/System/Library/PrivateFrameworks/MLCompilerRuntime.framework/Versions/A/MLCompilerRuntime
0x0000000108118000 	/private/var/folders/_q/hbccdl_96tnfqghg2lzzrw4c0000gn/T/onnxruntime-java18330452673258574370/libonnxruntime4j_jni.dylib

JVMTI agents:
/Users/chris/Applications/IntelliJ IDEA.app/Contents/lib/idea_rt.jar path:none, loaded, initialized, instrumentlib options:50890


VM Arguments:
jvm_args: -XX:TieredStopAtLevel=1 -Dspring.output.ansi.enabled=always -javaagent:/Users/chris/Applications/IntelliJ IDEA.app/Contents/lib/idea_rt.jar=50890 -Dfile.encoding=UTF-8 -Dsun.stdout.encoding=UTF-8 -Dsun.stderr.encoding=UTF-8 
java_command: com.github.karydesc.ttsreader.TTSReaderApplication
java_class_path (initial): /Users/chris/Documents/repos/WebApps/tts-reader/backend/target/classes:/Users/chris/.m2/repository/org/springframework/boot/spring-boot-starter-webmvc/4.0.4/spring-boot-starter-webmvc-4.0.4.jar:/Users/chris/.m2/repository/org/springframework/boot/spring-boot-starter/4.0.4/spring-boot-starter-4.0.4.jar:/Users/chris/.m2/repository/org/springframework/boot/spring-boot-starter-logging/4.0.4/spring-boot-starter-logging-4.0.4.jar:/Users/chris/.m2/repository/ch/qos/logback/logback-classic/1.5.32/logback-classic-1.5.32.jar:/Users/chris/.m2/repository/ch/qos/logback/logback-core/1.5.32/logback-core-1.5.32.jar:/Users/chris/.m2/repository/org/apache/logging/log4j/log4j-to-slf4j/2.25.3/log4j-to-slf4j-2.25.3.jar:/Users/chris/.m2/repository/org/apache/logging/log4j/log4j-api/2.25.3/log4j-api-2.25.3.jar:/Users/chris/.m2/repository/org/slf4j/jul-to-slf4j/2.0.17/jul-to-slf4j-2.0.17.jar:/Users/chris/.m2/repository/org/springframework/boot/spring-boot-autoconfigure/4.0.4/spring-boot-autoconfigure-4.0.4.jar:/Users/chris/.m2/repository/jakarta/annotation/jakarta.annotation-api/3.0.0/jakarta.annotation-api-3.0.0.jar:/Users/chris/.m2/repository/org/yaml/snakeyaml/2.5/snakeyaml-2.5.jar:/Users/chris/.m2/repository/org/springframework/boot/spring-boot-starter-jackson/4.0.4/spring-boot-starter-jackson-4.0.4.jar:/Users/chris/.m2/repository/org/springframework/boot/spring-boot-jackson/4.0.4/spring-boot-jackson-4.0.4.jar:/Users/chris/.m2/repository/tools/jackson/core/jackson-databind/3.1.0/jackson-databind-3.1.0.jar:/Users/chris/.m2/repository/com/fasterxml/jackson/core/jackson-annotations/2.21/jackson-annotations-2.21.jar:/Users/chris/.m2/repository/tools/jackson/core/jackson-core/3.1.0/jackson-core-3.1.0.jar:/Users/chris/.m2/repository/org/springframework/boot/spring-boot-starter-tomcat/4.0.4/spring-boot-starter-tomcat-4.0.4.jar:/Users/chris/.m2/repository/org/springframework/boot/spring-boot-starter-tomcat-runtime/4.0.4/spring-boot-starter-tomcat-runtime-4.0.4.jar:/Users/chris/.m2/repository/org/apache/tomcat/embed/tomcat-embed-core/11.0.18/tomcat-embed-core-11.0.18.jar:/Users/chris/.m2/repository/org/apache/tomcat/embed/tomcat-embed-el/11.0.18/tomcat-embed-el-11.0.18.jar:/Users/chris/.m2/repository/org/apache/tomcat/embed/tomcat-embed-websocket/11.0.18/tomcat-embed-websocket-11.0.18.jar:/Users/chris/.m2/repository/org/springframework/boot/spring-boot-tomcat/4.0.4/spring-boot-tomcat-4.0.4.jar:/Users/chris/.m2/repository/org/springframework/boot/spring-boot-http-converter/4.0.4/spring-boot-http-converter-4.0.4.jar:/Users/chris/.m2/repository/org/springframework/boot/spring-boot/4.0.4/spring-boot-4.0.4.jar:/Users/chris/.m2/repository/org/springframework/spring-context/7.0.6/spring-context-7.0.6.jar:/Users/chris/.m2/repository/org/springframework/spring-web/7.0.6/spring-web-7.0.6.jar:/Users/chris/.m2/repository/org/springframework/spring-beans/7.0.6/spring-beans-7.0.6.jar:/Users/chris/.m2/repository/io/micrometer/micrometer-observation/1.16.4/micrometer-observation-1.16.4.jar:/Users/chris/.m2/repository/io/micrometer/micrometer-commons/1.16.4/micrometer-commons-1.16.4.jar:/Users/chris/.m2/repository/org/springframework/boot/spring-boot-webmvc/4.0.4/spring-boot-webmvc-4.0.4.jar:/Users/chris/.m2/repository/org/springframework/boot/spring-boot-servlet/4.0.4/spring-boot-servlet-4.0.4.jar:/Users/chris/.m2/repository/org/springframework/spring-webmvc/7.0.6/spring-webmvc-7.0.6.jar:/Users/chris/.m2/repository/org/springframework/spring-aop/7.0.6/spring-aop-7.0.6.jar:/Users/chris/.m2/repository/org/springframework/spring-expression/7.0.6/spring-expression-7.0.6.jar:/Users/chris/.m2/repository/org/springframework/spring-core/7.0.6/spring-core-7.0.6.jar:/Users/chris/.m2/repository/commons-logging/commons-logging/1.3.6/commons-logging-1.3.6.jar:/Users/chris/.m2/repository/org/jspecify/jspecify/1.0.0/jspecify-1.0.0.jar:/Users/chris/.m2/repository/org/springframework/boot/spring-boot-web-server/4.0.4/spring-boot-web-server-4.0.4.jar:/Users/chris/.m2/repository/org/pitest/voices/chorus/0.0.9/chorus-0.0.9.jar:/Users/chris/.m2/repository/org/pitest/voices/core/0.0.9/core-0.0.9.jar:/Users/chris/.m2/repository/com/google/code/gson/gson/2.13.2/gson-2.13.2.jar:/Users/chris/.m2/repository/com/google/errorprone/error_prone_annotations/2.41.0/error_prone_annotations-2.41.0.jar:/Users/chris/.m2/repository/org/apache/opennlp/opennlp-tools/2.5.5/opennlp-tools-2.5.5.jar:/Users/chris/.m2/repository/org/slf4j/slf4j-api/2.0.17/slf4j-api-2.0.17.jar:/Users/chris/.m2/repository/org/slf4j/slf4j-simple/2.0.17/slf4j-simple-2.0.17.jar:/Users/chris/.m2/repository/org/pitest/voices/alba/0.0.9/alba-0.0.9.jar:/Users/chris/.m2/repository/org/pitest/voices/alba-model/0.0.2/alba-model-0.0.2.jar:/Users/chris/.m2/repository/org/pitest/voices/piper-runtime/0.0.9/piper-runtime-0.0.9.jar:/Users/chris/.m2/repository/org/pitest/voices/en_uk/0.0.9/en_uk-0.0.9.jar:/Users/chris/.m2/repository/org/pitest/voices/g2p/0.0.9/g2p-0.0.9.jar:/Users/chris/.m2/repository/com/microsoft/onnxruntime/onnxruntime/1.22.0/onnxruntime-1.22.0.jar:/Users/chris/.m2/repository/org/pitest/voices/model-downloader/0.0.9/model-downloader-0.0.9.jar:/Users/chris/.m2/repository/me/tongfei/progressbar/0.10.1/progressbar-0.10.1.jar:/Users/chris/.m2/repository/org/jline/jline-terminal/3.24.1/jline-terminal-3.24.1.jar:/Users/chris/.m2/repository/org/jline/jline-native/3.24.1/jline-native-3.24.1.jar:/Users/chris/.m2/repository/org/apache/commons/commons-compress/1.28.0/commons-compress-1.28.0.jar:/Users/chris/.m2/repository/commons-codec/commons-codec/1.19.0/commons-codec-1.19.0.jar:/Users/chris/.m2/repository/commons-io/commons-io/2.20.0/commons-io-2.20.0.jar:/Users/chris/.m2/repository/org/apache/commons/commons-lang3/3.19.0/commons-lang3-3.19.0.jar:/Users/chris/.m2/repository/org/jetbrains/kotlin/kotlin-stdlib-jdk8/2.3.10/kotlin-stdlib-jdk8-2.3.10.jar:/Users/chris/.m2/repository/org/jetbrains/kotlin/kotlin-stdlib/2.3.10/kotlin-stdlib-2.3.10.jar:/Users/chris/.m2/repository/org/jetbrains/annotations/13.0/annotations-13.0.jar:/Users/chris/.m2/repository/org/jetbrains/kotlin/kotlin-stdlib-jdk7/2.3.10/kotlin-stdlib-jdk7-2.3.10.jar
Launcher Type: SUN_STANDARD

[Global flags]
     bool AOTAdapterCaching                        = false                                  {diagnostic} {ergonomic}
     bool AOTInvokeDynamicLinking                  = false                                  {diagnostic} {ergonomic}
     bool AOTRecordTraining                        = false                                  {diagnostic} {ergonomic}
     bool AOTReplayTraining                        = false                                  {diagnostic} {ergonomic}
     bool AOTStubCaching                           = false                                  {diagnostic} {ergonomic}
     intx CICompilerCount                          = 4                                         {product} {ergonomic}
     uint ConcGCThreads                            = 2                                         {product} {ergonomic}
     uint G1ConcRefinementThreads                  = 8                                         {product} {ergonomic}
     uint G1EagerReclaimRemSetThreshold            = 16                                   {experimental} {ergonomic}
   size_t G1HeapRegionSize                         = 2097152                                   {product} {ergonomic}
     uint G1RemSetArrayOfCardsEntries              = 16                                   {experimental} {ergonomic}
     uint G1RemSetHowlMaxNumBuckets                = 8                                    {experimental} {ergonomic}
     uint G1RemSetHowlNumBuckets                   = 8                                    {experimental} {ergonomic}
   size_t InitialHeapSize                          = 8388608                                   {product} {ergonomic}
   size_t MarkStackSize                            = 4194304                                   {product} {ergonomic}
   size_t MarkStackSizeMax                         = 536870912                                 {product} {ergonomic}
   size_t MaxHeapSize                              = 4294967296                                {product} {ergonomic}
   size_t MaxNewSize                               = 2575302656                                {product} {ergonomic}
 uint64_t MaxRAM                                   = 17179869184                               {product} {ergonomic}
   size_t MinHeapDeltaBytes                        = 2097152                                   {product} {ergonomic}
   size_t MinHeapSize                              = 8388608                                   {product} {ergonomic}
   size_t NonNMethodCodeHeapSize                   = 16384                                  {pd product} {ergonomic}
   size_t NonProfiledCodeHeapSize                  = 0                                      {pd product} {ergonomic}
     bool ProfileInterpreter                       = false                                  {pd product} {command line}
   size_t ProfiledCodeHeapSize                     = 0                                      {pd product} {ergonomic}
   size_t SoftMaxHeapSize                          = 4294967296                             {manageable} {ergonomic}
     intx TieredStopAtLevel                        = 1                                         {product} {command line}
     bool UseCompressedOops                        = true                           {product lp64_product} {ergonomic}
     bool UseCondCardMark                          = true                                      {product} {ergonomic}
     bool UseG1GC                                  = true                                      {product} {ergonomic}
     bool UseNUMA                                  = false                                     {product} {ergonomic}
     bool UseNUMAInterleaving                      = false                                     {product} {ergonomic}

Logging:
Log output configuration:
 #0: stdout all=warning uptime,level,tags foldmultilines=false
 #1: stderr all=off uptime,level,tags foldmultilines=false

Release file:
IMPLEMENTOR="Oracle Corporation"
JAVA_RUNTIME_VERSION="26.0.1+8-34"
JAVA_VERSION="26.0.1"
JAVA_VERSION_DATE="2026-04-21"
LIBC="default"
MODULES="java.base java.compiler java.datatransfer java.xml java.prefs java.desktop java.instrument java.logging java.management java.security.sasl java.naming java.rmi java.management.rmi java.net.http java.scripting java.security.jgss java.transaction.xa java.sql java.sql.rowset java.xml.crypto java.se java.smartcardio jdk.accessibility jdk.internal.jvmstat jdk.attach jdk.charsets jdk.internal.opt jdk.zipfs jdk.compiler jdk.crypto.cryptoki jdk.crypto.ec jdk.dynalink jdk.internal.ed jdk.editpad jdk.internal.vm.ci jdk.graal.compiler jdk.graal.compiler.management jdk.hotspot.agent jdk.httpserver jdk.incubator.vector jdk.internal.le jdk.internal.md jdk.jartool jdk.javadoc jdk.jcmd jdk.management jdk.management.agent jdk.jconsole jdk.jdeps jdk.jdwp.agent jdk.jdi jdk.jfr jdk.jlink jdk.jpackage jdk.jshell jdk.jstatd jdk.localedata jdk.management.jfr jdk.naming.dns jdk.naming.rmi jdk.net jdk.nio.mapmode jdk.sctp jdk.security.auth jdk.security.jgss jdk.unsupported jdk.unsupported.desktop jdk.xml.dom"
OS_ARCH="aarch64"
OS_NAME="Darwin"
SOURCE=".:git:fcc00fc4aee7"

Environment Variables:
PATH=/usr/local/bin:/System/Cryptexes/App/usr/bin:/usr/bin:/bin:/usr/sbin:/sbin:/var/run/com.apple.security.cryptexd/codex.system/bootstrap/usr/local/bin:/var/run/com.apple.security.cryptexd/codex.system/bootstrap/usr/bin:/var/run/com.apple.security.cryptexd/codex.system/bootstrap/usr/appleinternal/bin:/pkg/env/global/bin:/opt/homebrew/bin:/Users/chris/Library/Application Support/JetBrains/Toolbox/scripts
SHELL=/bin/zsh
LANG=C.UTF-8
TMPDIR=/var/folders/_q/hbccdl_96tnfqghg2lzzrw4c0000gn/T/

Active Locale:
LC_ALL=C.UTF-8
LC_COLLATE=C.UTF-8
LC_CTYPE=C.UTF-8
LC_MESSAGES=C.UTF-8
LC_MONETARY=C.UTF-8
LC_NUMERIC=C.UTF-8
LC_TIME=C.UTF-8

Signal Handlers:
   SIGSEGV: crash_handler in libjvm.dylib, mask=11100110000111110111111111111111, flags=SA_ONSTACK|SA_RESTART|SA_SIGINFO, unblocked
    SIGBUS: crash_handler in libjvm.dylib, mask=11100110000111110111111111111111, flags=SA_RESTART|SA_SIGINFO, unblocked
    SIGFPE: crash_handler in libjvm.dylib, mask=11100110000111110111111111111111, flags=SA_RESTART|SA_SIGINFO, unblocked
   SIGPIPE: javaSignalHandler in libjvm.dylib, mask=11100110000111110111111111111111, flags=SA_RESTART|SA_SIGINFO, blocked
   SIGXFSZ: javaSignalHandler in libjvm.dylib, mask=11100110000111110111111111111111, flags=SA_RESTART|SA_SIGINFO, blocked
    SIGILL: crash_handler in libjvm.dylib, mask=11100110000111110111111111111111, flags=SA_RESTART|SA_SIGINFO, unblocked
   SIGUSR2: SR_handler in libjvm.dylib, mask=00000000000000000000000000000000, flags=SA_RESTART|SA_SIGINFO, blocked
    SIGHUP: UserHandler in libjvm.dylib, mask=11100110000111110111111111111111, flags=SA_RESTART|SA_SIGINFO, blocked
    SIGINT: UserHandler in libjvm.dylib, mask=11100110000111110111111111111111, flags=SA_RESTART|SA_SIGINFO, blocked
   SIGTERM: UserHandler in libjvm.dylib, mask=11100110000111110111111111111111, flags=SA_RESTART|SA_SIGINFO, blocked
   SIGQUIT: UserHandler in libjvm.dylib, mask=11100110000111110111111111111111, flags=SA_RESTART|SA_SIGINFO, blocked
   SIGTRAP: crash_handler in libjvm.dylib, mask=11100110000111110111111111111111, flags=SA_RESTART|SA_SIGINFO, unblocked


Compilation memory statistics disabled.

Periodic native trim disabled

---------------  S Y S T E M  ---------------

OS:
uname: Darwin 27.0.0 Darwin Kernel Version 27.0.0: Mon Jun 15 23:11:05 PDT 2026; root:xnu-13432.0.5.501.1~2/RELEASE_ARM64_T6000 arm64
OS uptime: 0 days 5:20 hours
rlimit (soft/hard): STACK 8176k/65520k , CORE 0k/infinity , NPROC 2666/4000 , NOFILE 1048576/infinity , AS infinity/infinity , CPU infinity/infinity , DATA infinity/infinity , FSIZE infinity/infinity , MEMLOCK infinity/infinity , RSS infinity/infinity
load average: 3.05 3.11 3.51

CPU: total 8 (initial active 8) 0x61:0x0:0x1b588bb3:0, fp, asimd, aes, pmull, sha1, sha256, crc32, lse, sha3, sha512, sb
machdep.cpu.brand_string:Apple M1 Pro
hw.cachelinesize:128
hw.l1icachesize:131072
hw.l1dcachesize:65536
hw.l2cachesize:4194304

Memory: 16k page, physical 16777216k(4729024k free), swap 2097152k(1393792k free)

vm_info: OpenJDK 64-Bit Server VM (26.0.1+8-34) for bsd-aarch64 JRE (26.0.1+8-34), built on 2026-03-10T17:24:10Z with clang Apple LLVM 15.0.0 (clang-1500.3.9.4)

END.
